id,dish_id,score,comment,rated_at
1,1,4,,2025-07-22
2,1,4,,2025-01-20
3,1,5,,2025-02-20
4,1,5,,2025-12-16
5,1,2,,2025-02-08
6,1,3,,2025-01-06
7,1,4,,2025-02-15
8,1,4,,2025-06-01
9,1,3,,2025-05-25
10,1,3,,2025-06-29
11,1,3,,2025-03-30
12,1,5,,2025-02-26
13,1,4,,2025-07-15
14,2,3,,2025-04-16
15,2,4,,2025-10-17
16,2,3,,2025-06-16
17,2,3,,2025-05-03
18,2,4,,2025-02-08
19,2,5,,2025-12-01
20,2,4,,2025-06-06
21,2,4,,2025-05-26
22,2,2,,2025-07-28
23,2,3,,2025-09-18
24,2,5,,2025-03-25
25,2,5,,2025-01-11
26,3,2,,2025-05-24
27,3,3,,2025-09-13
28,3,3,,2025-05-15
29,3,3,,2025-10-02
30,3,4,,2025-03-23
31,3,4,,2025-12-17
32,3,4,,2025-05-14
33,3,2,,2025-09-30
34,3,4,,2025-07-30
35,3,4,,2025-06-10
36,3,4,,2025-11-30
37,3,4,,2025-01-11
38,4,3,,2025-04-30
39,4,4,,2025-11-11
40,4,4,,2025-06-13
41,4,4,,2025-05-21
42,4,2,,2025-08-06
43,4,4,,2025-09-03
44,4,3,,2025-07-05
45,4,3,,2025-03-09
46,4,5,,2025-09-24
47,4,2,,2025-03-04
48,4,5,,2025-04-02
49,4,2,,2025-11-21
50,4,3,,2025-01-14
51,5,4,,2025-01-14
52,5,2,,2025-06-22
53,5,3,,2025-10-10
54,5,4,,2025-06-27
55,5,3,,2025-11-28
56,5,3,,2025-02-11
57,5,4,,2025-01-24
58,5,4,,2025-04-21
59,5,3,,2025-02-01
60,5,2,,2025-09-19
61,5,5,,2025-12-13
62,5,3,,2025-09-13
63,6,3,,2025-10-17
64,6,3,,2025-06-10
65,6,4,,2025-10-21
66,6,4,,2025-04-20
67,6,4,,2025-10-03
68,6,3,,2025-08-11
69,6,3,,2025-03-17
70,6,2,,2025-03-02
71,6,3,,2025-04-07
72,6,2,,2025-01-30
73,6,4,,2025-07-25
74,6,2,,2025-12-04
75,7,5,,2025-03-06
76,7,4,,2025-06-25
77,7,3,,2025-04-05
78,7,4,,2025-02-25
79,7,4,,2025-05-01
80,7,3,,2025-03-10
81,7,5,,2025-04-20
82,7,4,,2025-07-13
83,7,3,,2025-09-23
84,7,3,,2025-12-19
85,7,2,,2025-10-13
86,7,3,,2025-12-30
87,7,2,,2025-09-25
88,7,4,,2025-03-30
89,7,4,,2025-02-19
90,7,3,,2025-10-16
91,8,3,,2025-11-04
92,8,4,,2025-06-13
93,8,4,,2025-09-28
94,8,5,,2025-01-12
95,8,4,,2025-04-03
96,8,3,,2025-02-24
97,8,4,,2025-10-07
98,8,4,,2025-07-10
99,8,3,,2025-11-05
100,8,4,,2025-04-22
101,9,3,,2025-05-19
102,9,4,,2025-09-20
103,9,2,,2025-08-14
104,9,3,,2025-01-24
105,9,4,,2025-11-29
106,9,5,,2025-03-05
107,9,4,,2025-04-21
108,9,3,,2025-05-07
109,9,4,,2025-05-30
110,9,5,,2025-05-29
111,9,4,,2025-10-11
112,9,5,,2025-04-17
113,9,2,,2025-11-12
114,10,5,,2025-11-28
115,10,3,,2025-12-26
116,10,4,,2025-09-17
117,10,5,,2025-07-02
118,10,5,,2025-06-22
119,10,5,,2025-07-31
120,10,4,,2025-01-01
121,10,2,,2025-11-18
122,10,3,,2025-03-27
123,10,3,,2025-06-30
124,10,4,,2025-09-08
125,10,3,,2025-04-10
126,10,3,,2025-08-30
127,10,3,,2025-07-27
128,10,3,,2025-05-31
129,10,3,,2025-03-06
130,10,3,,2025-04-27
131,11,3,,2025-03-01
132,11,3,,2025-10-24
133,11,2,,2025-02-23
134,11,3,,2025-02-22
135,11,4,,2025-09-17
136,11,3,,2025-04-18
137,11,4,,2025-11-18
138,11,5,,2025-11-26
139,11,5,,2025-06-15
140,11,3,,2025-11-20
141,11,4,,2025-12-16
142,11,2,,2025-11-05
143,11,4,,2025-05-28
144,11,4,,2025-11-04
145,11,4,,2025-10-27
146,11,4,,2025-09-13
147,11,3,,2025-09-13
148,11,4,,2025-09-17
149,12,3,,2025-11-24
150,12,4,,2025-07-04
151,12,4,,2025-04-23
152,12,4,,2025-11-30
153,12,4,,2025-03-01
154,12,3,,2025-03-19
155,12,4,,2025-12-01
156,12,5,,2025-05-09
157,12,4,,2025-11-19
158,12,3,,2025-08-08
159,12,4,,2025-05-27
160,12,3,,2025-06-21
161,13,3,,2025-12-27
162,13,5,,2025-01-14
163,13,3,,2025-04-12
164,13,3,,2025-02-13
165,13,4,,2025-12-30
166,13,5,,2025-03-14
167,13,2,,2025-10-28
168,13,2,,2025-09-08
169,13,4,,2025-07-22
170,13,3,,2025-07-19
171,14,4,,2025-10-06
172,14,4,,2025-01-08
173,14,3,,2025-06-01
174,14,3,,2025-05-23
175,14,3,,2025-02-12
176,14,4,,2025-07-21
177,14,4,,2025-04-19
178,14,2,,2025-07-26
179,14,3,,2025-05-23
180,14,4,,2025-12-31
181,14,3,,2025-03-04
182,14,3,,2025-09-12
183,14,3,,2025-03-09
184,14,4,,2025-07-12
185,14,4,,2025-12-12
186,14,4,,2025-01-17
187,14,3,,2025-03-04
188,14,2,,2025-06-28
189,14,4,,2025-08-13
190,14,3,,2025-01-15
191,14,4,,2025-01-31
192,15,4,,2025-07-09
193,15,3,,2025-02-07
194,15,4,,2025-03-06
195,15,4,,2025-12-10
196,15,5,,2025-10-15
197,15,3,,2025-05-10
198,15,3,,2025-04-17
199,15,4,,2025-05-17
200,15,3,,2025-09-30
201,15,4,,2025-02-20
202,15,4,,2025-10-28
203,15,2,,2025-11-01
204,15,2,,2025-03-01
205,15,2,,2025-04-22
206,15,4,,2025-11-10
207,15,4,,2025-06-28
208,15,3,,2025-02-17
209,15,3,,2025-08-20
210,15,4,,2025-10-16
211,15,5,,2025-05-24
212,15,4,,2025-04-19
213,15,4,,2025-11-17
214,16,4,,2025-12-13
215,16,3,,2025-07-09
216,16,4,,2025-12-01
217,16,2,,2025-07-17
218,16,4,,2025-12-09
219,16,3,,2025-02-24
220,16,3,,2025-07-02
221,16,4,,2025-09-23
222,16,4,,2025-06-15
223,16,4,,2025-05-10
224,16,4,,2025-08-20
225,16,3,,2025-07-23
226,16,3,,2025-11-27
227,16,4,,2025-05-04
228,16,3,,2025-11-25
229,16,2,,2025-05-06
230,16,4,,2025-05-13
231,16,4,,2025-07-11
232,16,3,,2025-03-20
233,16,3,,2025-02-10
234,17,5,,2025-05-01
235,17,3,,2025-07-12
236,17,4,,2025-04-06
237,17,4,,2025-10-17
238,17,4,,2025-08-06
239,17,3,,2025-10-02
240,17,4,,2025-11-12
241,17,2,,2025-04-12
242,17,3,,2025-12-30
243,17,4,,2025-08-22
244,18,4,,2025-09-27
245,18,2,,2025-04-11
246,18,2,,2025-07-11
247,18,4,,2025-12-04
248,18,3,,2025-11-27
249,18,3,,2025-09-22
250,18,4,,2025-02-04
251,18,3,,2025-01-26
252,18,3,,2025-02-14
253,18,4,,2025-08-17
254,18,4,,2025-05-25
255,18,5,,2025-06-09
256,18,3,,2025-02-09
257,19,3,,2025-06-01
258,19,4,,2025-12-14
259,19,4,,2025-09-17
260,19,2,,2025-07-20
261,19,4,,2025-03-28
262,19,2,,2025-01-04
263,19,4,,2025-11-27
264,19,5,,2025-03-06
265,19,4,,2025-07-07
266,19,2,,2025-05-13
267,19,4,,2025-06-04
268,20,3,,2025-08-03
269,20,3,,2025-11-16
270,20,4,,2025-07-31
271,20,5,,2025-04-14
272,20,2,,2025-02-22
273,20,3,,2025-09-18
274,20,3,,2025-09-04
275,20,4,,2025-05-16
276,20,4,,2025-10-13
277,20,4,,2025-10-22
278,20,3,,2025-07-11
279,20,3,,2025-06-10
280,20,4,,2025-08-30
281,20,2,,2025-09-08
282,20,5,,2025-09-23
283,21,4,,2025-07-15
284,21,4,,2025-01-22
285,21,4,,2025-04-14
286,21,3,,2025-11-04
287,21,2,,2025-05-26
288,21,4,,2025-09-29
289,21,3,,2025-05-01
290,21,3,,2025-12-15
291,21,4,,2025-06-30
292,22,3,,2025-06-28
293,22,2,,2025-03-29
294,22,3,,2025-09-16
295,22,5,,2025-07-14
296,22,3,,2025-04-13
297,22,5,,2025-12-01
298,22,3,,2025-10-25
299,22,3,,2025-01-31
300,22,3,,2025-08-02
301,22,4,,2025-10-04
302,22,4,,2025-06-06
303,22,4,,2025-05-02
304,22,3,,2025-04-29
305,22,2,,2025-02-19
306,23,3,,2025-10-08
307,23,2,,2025-11-23
308,23,4,,2025-01-28
309,23,4,,2025-05-13
310,23,3,,2025-04-26
311,23,3,,2025-05-14
312,23,5,,2025-02-15
313,23,3,,2025-05-23
314,23,3,,2025-09-11
315,23,3,,2025-04-19
316,23,4,,2025-05-12
317,24,3,,2025-10-03
318,24,4,,2025-09-22
319,24,3,,2025-09-28
320,24,2,,2025-05-16
321,24,3,,2025-05-21
322,24,3,,2025-12-27
323,24,3,,2025-05-25
324,24,3,,2025-01-29
325,24,3,,2025-07-20
326,24,5,,2025-09-19
327,24,4,,2025-01-04
328,24,3,,2025-03-07
329,24,5,,2025-05-13
330,24,3,,2025-04-22
331,24,2,,2025-12-16
332,24,2,,2025-06-09
333,24,4,,2025-01-20
334,24,4,,2025-07-29
335,25,3,,2025-02-12
336,25,3,,2025-02-26
337,25,2,,2025-01-17
338,25,4,,2025-10-09
339,25,3,,2025-02-28
340,25,2,,2025-02-02
341,25,3,,2025-08-18
342,25,2,,2025-04-09
343,25,3,,2025-09-09
344,25,3,,2025-09-19
345,25,3,,2025-12-16
346,25,5,,2025-03-03
347,25,3,,2025-12-26
348,26,3,,2025-06-25
349,26,4,,2025-10-12
350,26,3,,2025-05-16
351,26,3,,2025-10-30
352,26,3,,2025-01-03
353,26,4,,2025-12-17
354,26,2,,2025-09-07
355,26,5,,2025-12-02
356,26,4,,2025-01-30
357,26,4,,2025-05-22
358,26,2,,2025-10-16
359,26,4,,2025-07-04
360,27,3,,2025-10-14
361,27,4,,2025-01-12
362,27,4,,2025-05-20
363,27,4,,2025-05-26
364,27,4,,2025-10-07
365,27,3,,2025-04-11
366,27,3,,2025-08-21
367,27,3,,2025-11-10
368,27,3,,2025-08-09
369,27,4,,2025-12-02
370,27,3,,2025-11-04
371,27,3,,2025-09-20
372,27,3,,2025-04-13
373,27,4,,2025-07-16
374,27,5,,2025-08-06
375,27,4,,2025-12-29
376,28,2,,2025-08-09
377,28,3,,2025-10-10
378,28,3,,2025-08-06
379,28,4,,2025-03-06
380,28,4,,2025-12-03
381,28,3,,2025-09-03
382,28,2,,2025-04-11
383,28,4,,2025-07-14
384,28,3,,2025-07-28
385,28,2,,2025-12-04
386,28,3,,2025-11-13
387,28,4,,2025-08-15
388,28,5,,2025-06-26
389,28,4,,2025-04-28
390,28,3,,2025-06-13
391,29,3,,2025-08-04
392,29,3,,2025-11-04
393,29,4,,2025-11-01
394,29,5,,2025-11-27
395,29,5,,2025-04-19
396,29,3,,2025-08-05
397,29,4,,2025-03-31
398,29,4,,2025-06-24
399,29,2,,2025-02-03
400,29,2,,2025-01-02
401,29,3,,2025-09-22
402,29,2,,2025-05-03
403,29,2,,2025-05-03
404,29,4,,2025-04-14
405,29,4,,2025-05-29
406,29,3,,2025-05-03
407,29,3,,2025-06-29
408,29,4,,2025-01-18
409,29,3,,2025-09-21
410,29,4,,2025-09-09
411,29,5,,2025-03-11
412,29,4,,2025-11-28
413,30,4,,2025-10-21
414,30,4,,2025-04-30
415,30,3,,2025-05-21
416,30,3,,2025-03-10
417,30,2,,2025-08-13
418,30,5,,2025-03-14
419,30,3,,2025-08-29
420,30,4,,2025-06-07
421,31,4,,2025-07-09
422,31,3,,2025-08-29
423,31,3,,2025-02-08
424,31,4,,2025-10-31
425,31,4,,2025-03-11
426,31,3,,2025-02-04
427,31,3,,2025-09-08
428,31,2,,2025-09-07
429,31,5,,2025-10-21
430,31,4,,2025-11-10
431,31,3,,2025-11-02
432,31,3,,2025-09-12
433,31,2,,2025-09-02
434,31,3,,2025-04-02
435,31,5,,2025-12-28
436,31,5,,2025-11-21
437,32,4,,2025-06-23
438,32,4,,2025-12-21
439,32,3,,2025-08-09
440,32,4,,2025-08-05
441,32,3,,2025-01-20
442,32,4,,2025-11-24
443,32,4,,2025-09-27
444,32,3,,2025-12-13
445,32,4,,2025-05-29
446,32,3,,2025-07-03
447,32,2,,2025-06-25
448,32,5,,2025-03-05
449,32,3,,2025-09-14
450,32,4,,2025-08-20
451,32,4,,2025-10-08
452,32,4,,2025-11-17
453,32,4,,2025-01-06
454,33,3,,2025-05-17
455,33,3,,2025-11-07
456,33,3,,2025-10-17
457,33,4,,2025-10-02
458,33,3,,2025-01-24
459,33,3,,2025-05-18
460,33,4,,2025-06-11
461,33,3,,2025-05-09
462,33,2,,2025-12-14
463,33,3,,2025-06-23
464,33,5,,2025-08-02
465,33,3,,2025-08-09
466,33,4,,2025-06-29
467,33,3,,2025-09-06
468,33,3,,2025-08-05
469,33,5,,2025-06-27
470,33,3,,2025-12-24
471,34,3,,2025-06-30
472,34,2,,2025-05-25
473,34,3,,2025-12-15
474,34,5,,2025-03-02
475,34,4,,2025-05-20
476,34,4,,2025-08-09
477,34,4,,2025-08-29
478,34,5,,2025-06-19
479,34,5,,2025-06-28
480,34,4,,2025-06-18
481,34,3,,2025-10-26
482,34,3,,2025-02-09
483,34,4,,2025-01-22
484,34,3,,2025-04-14
485,35,4,,2025-08-30
486,35,4,,2025-05-22
487,35,4,,2025-12-28
488,35,3,,2025-01-01
489,35,3,,2025-05-28
490,35,2,,2025-11-08
491,35,3,,2025-06-22
492,35,3,,2025-03-25
493,35,5,,2025-06-03
494,35,3,,2025-10-23
495,35,3,,2025-04-08
496,35,3,,2025-09-17
497,35,4,,2025-04-07
498,36,5,,2025-01-26
499,36,4,,2025-12-14
500,36,3,,2025-10-07
501,36,4,,2025-04-01
502,36,5,,2025-05-23
503,36,4,,2025-11-02
504,36,3,,2025-05-18
505,36,4,,2025-11-09
506,36,3,,2025-02-26
507,36,3,,2025-12-05
508,36,4,,2025-12-05
509,36,3,,2025-01-12
510,36,4,,2025-08-31
511,36,3,,2025-05-21
512,36,2,,2025-02-01
513,36,4,,2025-03-15
514,36,4,,2025-11-16
515,36,4,,2025-08-30
516,36,2,,2025-02-18
517,36,2,,2025-01-29
518,37,4,,2025-07-16
519,37,3,,2025-10-24
520,37,4,,2025-08-01
521,37,4,,2025-07-28
522,37,5,,2025-04-26
523,37,4,,2025-03-29
524,37,5,,2025-10-14
525,37,4,,2025-11-05
526,37,4,,2025-11-16
527,37,3,,2025-09-19
528,37,4,,2025-09-28
529,37,3,,2025-03-24
530,37,4,,2025-03-12
531,37,4,,2025-05-28
532,37,3,,2025-01-03
533,37,4,,2025-03-30
534,37,3,,2025-12-17
535,37,5,,2025-11-15
536,38,4,,2025-01-11
537,38,4,,2025-12-12
538,38,4,,2025-05-09
539,38,4,,2025-07-03
540,38,4,,2025-01-16
541,38,3,,2025-10-20
542,38,3,,2025-07-09
543,38,5,,2025-12-14
544,38,2,,2025-09-26
545,38,4,,2025-12-29
546,38,5,,2025-12-25
547,38,3,,2025-05-29
548,38,3,,2025-04-28
549,38,3,,2025-12-17
550,39,2,,2025-11-02
551,39,3,,2025-08-19
552,39,4,,2025-10-09
553,39,5,,2025-11-07
554,39,3,,2025-02-14
555,39,4,,2025-06-15
556,39,4,,2025-01-13
557,39,2,,2025-08-19
558,39,3,,2025-04-11
559,39,4,,2025-04-27
560,40,3,,2025-12-05
561,40,2,,2025-03-26
562,40,4,,2025-11-20
563,40,3,,2025-08-28
564,40,5,,2025-12-17
565,40,5,,2025-02-09
566,40,3,,2025-11-28
567,40,4,,2025-04-27
568,40,4,,2025-04-01
569,40,5,,2025-11-20
570,40,4,,2025-06-06
571,40,4,,2025-08-29
572,40,4,,2025-10-01
573,40,3,,2025-05-11
574,41,5,,2025-09-23
575,41,3,,2025-02-22
576,41,3,,2025-10-04
577,41,3,,2025-10-20
578,41,4,,2025-07-12
579,41,2,,2025-11-15
580,41,4,,2025-03-06
581,41,3,,2025-08-15
582,41,3,,2025-11-03
583,41,3,,2025-08-19
584,41,3,,2025-04-14
585,41,3,,2025-04-26
586,41,3,,2025-03-03
587,41,5,,2025-08-11
588,41,2,,2025-03-08
589,41,4,,2025-06-20
590,41,3,,2025-12-28
591,41,5,,2025-08-29
592,41,3,,2025-07-30
593,42,3,,2025-03-31
594,42,4,,2025-03-24
595,42,5,,2025-07-26
596,42,4,,2025-01-03
597,42,5,,2025-05-10
598,42,3,,2025-12-15
599,42,3,,2025-03-30
600,42,3,,2025-04-30
601,42,4,,2025-04-03
602,42,4,,2025-02-18
603,42,4,,2025-06-17
604,42,4,,2025-06-17
605,42,3,,2025-06-23
606,42,3,,2025-10-10
607,42,3,,2025-08-13
608,42,4,,2025-04-21
609,42,4,,2025-10-06
610,42,5,,2025-02-21
611,42,5,,2025-12-05
612,43,2,,2025-06-08
613,43,4,,2025-08-27
614,43,3,,2025-01-13
615,43,3,,2025-12-12
616,43,4,,2025-08-29
617,43,4,,2025-04-18
618,43,4,,2025-04-07
619,43,4,,2025-12-06
620,43,3,,2025-05-20
621,43,4,,2025-10-01
622,43,4,,2025-01-24
623,43,3,,2025-01-27
624,43,2,,2025-05-31
625,43,4,,2025-10-31
626,43,3,,2025-07-19
627,43,3,,2025-01-04
628,43,3,,2025-02-16
629,43,4,,2025-04-22
630,44,3,,2025-07-02
631,44,2,,2025-03-16
632,44,3,,2025-08-23
633,44,4,,2025-06-09
634,44,3,,2025-04-20
635,44,2,,2025-10-29
636,44,4,,2025-05-12
637,44,3,,2025-02-06
638,44,4,,2025-02-15
639,44,3,,2025-07-12
640,44,4,,2025-11-23
641,45,3,,2025-12-25
642,45,4,,2025-07-26
643,45,4,,2025-08-18
644,45,5,,2025-06-19
645,45,3,,2025-09-12
646,45,5,,2025-03-06
647,45,4,,2025-10-26
648,45,3,,2025-07-22
649,45,3,,2025-10-24
650,45,4,,2025-10-07
651,45,3,,2025-01-05
652,45,3,,2025-07-17
653,45,3,,2025-05-03
654,45,3,,2025-03-11
655,46,3,,2025-05-31
656,46,3,,2025-06-21
657,46,3,,2025-06-05
658,46,4,,2025-01-10
659,46,3,,2025-07-25
660,46,4,,2025-09-04
661,46,3,,2025-01-11
662,46,5,,2025-11-12
663,46,4,,2025-12-04
664,46,3,,2025-03-27
665,46,4,,2025-12-22
666,46,3,,2025-10-06
667,46,4,,2025-12-02
668,46,3,,2025-06-22
669,46,3,,2025-07-18
670,46,3,,2025-08-08
671,46,3,,2025-06-01
672,46,3,,2025-10-07
673,46,3,,2025-08-31
674,46,3,,2025-06-15
675,46,4,,2025-04-05
