order_id,source_warehouse,target_warehouse,carrier,evidence_type,handler,status,create_time,complete_time,missing_attachment,manual_entry,evidence_name,evidence_status,rework_reason,remark
TR202500000,西南仓,西南仓,极兔速递,GPS轨迹,钱七,返工,2025-05-27,2025-05-28 14:00:00,0,0,证据_0000.jpg,已上传,,
TR202500001,华南仓,华南仓,京东物流,签收单,王五,正常,2025-04-06,2025-04-07 19:00:00,0,1,,已上传,,
TR202500002,华中仓,华东仓,中通快递,签收单,张三,正常,2025-01-01,2025-01-02 05:00:00,0,0,证据_0002.jpg,已上传,,
TR202500003,华南仓,华中仓,中通快递,签收单,王五,审计中,2025-03-10,2025-03-10 20:00:00,0,0,证据_0003.jpg,已上传,,
TR202500004,西南仓,华北仓,极兔速递,物流底单,孙八,返工,2025-01-04,2025-01-06 06:00:00,0,0,证据_0004.jpg,已上传,,
TR202500005,华东仓,华南仓,极兔速递,物流底单,孙八,正常,2025-01-16,2025-01-16 19:00:00,0,0,证据_0005.jpg,已上传,单据信息不完整,
TR202500006,华中仓,华北仓,京东物流,物流底单,张三,返工,2025-01-24,2025-01-26 18:00:00,0,0,证据_0006.jpg,已上传,,
TR202500007,华东仓,华南仓,京东物流,重量单,赵六,正常,2025-03-21,2025-03-22 10:00:00,0,0,证据_0007.jpg,已上传,时间冲突,
TR202500008,华东仓,华南仓,极兔速递,GPS轨迹,王五,正常,2025-01-02,2025-01-02 06:00:00,0,0,证据_0008.jpg,已上传,,
TR202500059,华东仓,华东仓,顺丰速运,GPS轨迹,赵六,正常,2025-05-08,2025-05-08 10:00:00,0,0,证据_0009.jpg,待审核,地址错误,需要补充9号凭证
TR202500010,华北仓,华北仓,中通快递,拍照凭证,赵六,返工,2025-06-09,2025-06-11 00:00:00,0,0,证据_0010.jpg,缺失,,
TR202500011,华北仓,华北仓,韵达快递,物流底单,李四,返工,2025-03-25,2025-03-27 11:00:00,0,0,证据_0011.jpg,已上传,,需要补充11号凭证
TR202500012,华东仓,华中仓,京东物流,重量单,张三,正常,2025-06-01,2025-06-01 02:00:00,0,0,证据_0012.jpg,已上传,,
TR202500013,华中仓,华中仓,京东物流,重量单,钱七,审计中,2025-05-20,2025-05-22 17:00:00,0,1,证据_0013.jpg,无效,,
TR202500014,西南仓,华东仓,极兔速递,GPS轨迹,孙八,正常,2025-06-27,2025-06-27 10:00:00,0,0,,已上传,,
TR202500015,西南仓,华东仓,圆通速递,物流底单,孙八,正常,2025-06-12,2025-06-14 11:00:00,0,0,,已上传,,
TR202500016,华南仓,西南仓,韵达快递,拍照凭证,张三,正常,2025-05-04,2025-05-06 00:00:00,0,0,证据_0016.jpg,无效,人工补录错误,
TR202500017,华中仓,华中仓,韵达快递,物流底单,钱七,正常,2025-02-02,,0,0,证据_0017.jpg,缺失,,
TR202500018,华北仓,华南仓,京东物流,签收单,孙八,正常,2025-06-10,2025-06-11 06:00:00,0,0,证据_0018.jpg,待审核,,
TR202500019,华东仓,华北仓,顺丰速运,物流底单,张三,正常,2025-06-28,2025-06-29 04:00:00,0,0,,无效,,
TR202500020,华南仓,华东仓,圆通速递,签收单,孙八,返工,2025-06-20,2025-06-21 21:00:00,0,0,证据_0020.jpg,无效,,
TR202500021,西南仓,华北仓,韵达快递,签收单,赵六,正常,2025-04-11,2025-04-13 01:00:00,0,0,证据_0021.jpg,已上传,,需要补充21号凭证
TR202500022,华北仓,华北仓,京东物流,拍照凭证,王五,正常,2025-01-12,2025-01-12 01:00:00,0,0,证据_0022.jpg,已上传,,
TR202500023,华北仓,西南仓,韵达快递,GPS轨迹,王五,正常,2025-03-08,2025-03-09 22:00:00,0,0,证据_0023.jpg,已上传,,
TR202500024,华东仓,华中仓,圆通速递,物流底单,孙八,正常,2025-03-06,2025-03-07 08:00:00,0,0,证据_0024.jpg,已上传,地址错误,
TR202500025,西南仓,华东仓,圆通速递,签收单,李四,正常,2025-06-10,2025-06-11 14:00:00,0,0,证据_0025.jpg,已上传,,
TR202500026,华中仓,华北仓,中通快递,物流底单,钱七,返工,2025-06-17,2025-06-18 03:00:00,0,0,证据_0026.jpg,已上传,,
TR202500027,华北仓,华东仓,极兔速递,GPS轨迹,钱七,正常,2025-03-15,2025-03-16 11:00:00,0,0,证据_0027.jpg,已上传,,需要补充27号凭证
TR202500028,华东仓,华南仓,极兔速递,GPS轨迹,钱七,返工,2025-02-12,2025-02-13 01:00:00,0,0,证据_0028.jpg,已上传,,
TR202500029,华中仓,西南仓,京东物流,重量单,赵六,审计中,2025-02-13,2025-02-13 15:00:00,1,0,证据_0029.jpg,已上传,,
TR202500080,西南仓,华南仓,圆通速递,GPS轨迹,钱七,正常,2025-01-29,2025-01-30 03:00:00,0,0,证据_0030.jpg,已上传,,
TR202500031,华北仓,华东仓,中通快递,拍照凭证,王五,返工,2025-05-21,,0,0,证据_0031.jpg,已上传,,需要补充31号凭证
TR202500032,华中仓,华东仓,中通快递,签收单,赵六,正常,2025-01-12,2025-01-12 17:00:00,0,0,,已上传,,
TR202500033,华中仓,华中仓,韵达快递,重量单,张三,正常,2025-04-05,2025-04-06 17:00:00,0,0,证据_0033.jpg,已上传,,
TR202500034,华中仓,华北仓,韵达快递,拍照凭证,钱七,正常,2025-02-15,2025-02-16 16:00:00,0,1,证据_0034.jpg,已上传,,
TR202500035,华北仓,华北仓,中通快递,物流底单,钱七,正常,2025-05-10,2025-05-10 23:00:00,0,0,证据_0035.jpg,已上传,重量异常,
TR202500036,华北仓,华南仓,韵达快递,签收单,张三,正常,2025-02-04,,0,0,证据_0036.jpg,已上传,,
TR202500037,华南仓,西南仓,圆通速递,GPS轨迹,钱七,正常,2025-03-22,2025-03-24 15:00:00,0,0,证据_0037.jpg,已上传,,
TR202500038,西南仓,华北仓,顺丰速运,签收单,张三,正常,2025-03-31,2025-04-02 21:00:00,1,0,证据_0038.jpg,已上传,,
TR202500039,华东仓,华中仓,圆通速递,物流底单,赵六,正常,2025-01-08,,0,0,证据_0039.jpg,已上传,,
TR202500040,华中仓,华南仓,中通快递,重量单,王五,正常,2025-04-03,2025-04-05 13:00:00,0,1,证据_0040.jpg,无效,,
TR202500041,华南仓,华南仓,中通快递,重量单,张三,已完成,2025-06-03,2025-06-05 14:00:00,0,0,,已上传,,
TR202500042,华东仓,华中仓,圆通速递,重量单,李四,返工,2025-03-31,2025-03-31 16:00:00,0,0,证据_0042.jpg,已上传,,
TR202500043,华南仓,西南仓,韵达快递,GPS轨迹,张三,正常,2025-06-11,,0,0,证据_0043.jpg,已上传,,
TR202500044,华北仓,华中仓,韵达快递,拍照凭证,钱七,正常,2025-04-25,2025-04-25 10:00:00,0,0,证据_0044.jpg,已上传,,
TR202500045,华中仓,西南仓,极兔速递,拍照凭证,赵六,审计中,2025-04-15,2025-04-15 19:00:00,0,0,证据_0045.jpg,已上传,地址错误,
TR202500046,华东仓,华中仓,中通快递,签收单,孙八,返工,2025-05-15,2025-05-17 15:00:00,0,0,证据_0046.jpg,已上传,,
TR202500047,华东仓,华中仓,京东物流,GPS轨迹,赵六,返工,2025-02-27,2025-02-28 22:00:00,0,0,证据_0047.jpg,已上传,,
TR202500048,华东仓,华东仓,极兔速递,重量单,孙八,正常,2025-04-24,2025-04-26 17:00:00,0,0,,已上传,,
TR202500049,华东仓,华南仓,韵达快递,重量单,张三,正常,2025-03-16,2025-03-16 08:00:00,0,0,,已上传,,
TR202500050,华东仓,华中仓,圆通速递,物流底单,王五,正常,2025-06-06,,1,0,证据_0050.jpg,已上传,,
TR202500051,华南仓,华中仓,韵达快递,物流底单,李四,正常,2025-04-30,2025-04-30 06:00:00,0,0,证据_0051.jpg,已上传,,
TR202500052,华中仓,华北仓,圆通速递,重量单,赵六,返工,2025-06-13,2025-06-14 15:00:00,0,0,证据_0052.jpg,无效,,
TR202500053,华北仓,华南仓,极兔速递,重量单,钱七,返工,2025-01-21,2025-01-22 04:00:00,0,0,证据_0053.jpg,已上传,人工补录错误,
TR202500054,华北仓,华北仓,中通快递,GPS轨迹,孙八,正常,2025-06-13,2025-06-14 13:00:00,0,0,证据_0054.jpg,已上传,其他,
TR202500055,华北仓,华南仓,韵达快递,拍照凭证,钱七,审计中,2025-05-18,2025-05-20 08:00:00,0,0,证据_0055.jpg,已上传,,
TR202500056,华北仓,华北仓,圆通速递,物流底单,王五,正常,2025-04-11,2025-04-11 02:00:00,0,0,证据_0056.jpg,已上传,,
TR202500057,华南仓,华中仓,中通快递,拍照凭证,孙八,正常,2025-06-01,2025-06-03 12:00:00,1,0,证据_0057.jpg,缺失,附件缺失,
TR202500058,西南仓,华中仓,京东物流,GPS轨迹,赵六,正常,2025-06-26,2025-06-27 16:00:00,0,0,证据_0058.jpg,已上传,,
TR202500059,华中仓,华东仓,圆通速递,重量单,张三,已完成,2025-04-09,2025-04-10 13:00:00,0,0,证据_0059.jpg,缺失,,
TR202500060,华东仓,华北仓,极兔速递,拍照凭证,钱七,正常,2025-02-05,2025-02-05 18:00:00,0,0,证据_0060.jpg,已上传,,
TR202500061,西南仓,西南仓,京东物流,重量单,王五,已完成,2025-04-06,2025-04-06 22:00:00,0,0,,缺失,其他,需要补充61号凭证
TR202500062,华北仓,华东仓,京东物流,重量单,赵六,返工,2025-06-01,2025-06-03 10:00:00,0,0,证据_0062.jpg,已上传,,
TR202500063,西南仓,华北仓,顺丰速运,签收单,赵六,正常,2025-05-31,,0,0,证据_0063.jpg,无效,,
TR202500064,华中仓,华北仓,韵达快递,拍照凭证,赵六,正常,2025-02-06,2025-02-06 07:00:00,0,0,,已上传,,
TR202500065,华东仓,华东仓,圆通速递,拍照凭证,赵六,审计中,2025-01-12,,0,0,证据_0065.jpg,已上传,,需要补充65号凭证
TR202500066,华东仓,华中仓,京东物流,重量单,孙八,正常,2025-04-23,2025-04-25 20:00:00,0,0,证据_0066.jpg,已上传,,
TR202500067,华中仓,华北仓,顺丰速运,GPS轨迹,赵六,已完成,2025-01-13,2025-01-13 01:00:00,1,0,证据_0067.jpg,已上传,附件缺失,
TR202500118,华中仓,华中仓,极兔速递,签收单,钱七,已完成,2025-01-23,2025-01-24 14:00:00,0,0,,待审核,,需要补充68号凭证
TR202500069,华北仓,华东仓,中通快递,重量单,王五,正常,2025-04-09,2025-04-09 01:00:00,0,0,证据_0069.jpg,已上传,,
TR202500070,华东仓,华中仓,圆通速递,物流底单,孙八,正常,2025-04-15,2025-04-16 05:00:00,0,0,证据_0070.jpg,已上传,,
TR202500071,西南仓,华南仓,京东物流,物流底单,赵六,已完成,2025-01-30,,0,0,证据_0071.jpg,已上传,,
TR202500072,华南仓,西南仓,韵达快递,签收单,李四,返工,2025-01-17,2025-01-17 21:00:00,0,0,证据_0072.jpg,已上传,,
TR202500123,华南仓,华北仓,顺丰速运,GPS轨迹,李四,正常,2025-04-23,2025-04-25 19:00:00,0,0,证据_0073.jpg,已上传,,
TR202500074,华中仓,西南仓,京东物流,重量单,王五,正常,2025-03-03,2025-03-04 11:00:00,0,0,,已上传,,
TR202500075,华北仓,华中仓,韵达快递,拍照凭证,张三,正常,2025-03-25,2025-03-25 01:00:00,0,0,,已上传,人工补录错误,
TR202500076,华南仓,华北仓,京东物流,签收单,张三,已完成,2025-04-22,2025-04-24 12:00:00,0,0,证据_0076.jpg,无效,,
TR202500077,华东仓,华中仓,圆通速递,GPS轨迹,孙八,返工,2025-03-27,2025-03-27 23:00:00,1,0,证据_0077.jpg,已上传,附件缺失,
TR202500078,华中仓,华南仓,圆通速递,拍照凭证,孙八,返工,2025-05-21,2025-05-23 13:00:00,0,0,证据_0078.jpg,已上传,,
TR202500079,西南仓,华东仓,圆通速递,物流底单,孙八,正常,2025-01-19,2025-01-21 04:00:00,0,0,证据_0079.jpg,已上传,,
TR202500080,华中仓,华北仓,极兔速递,物流底单,张三,正常,2025-06-26,2025-06-28 07:00:00,0,0,,已上传,,
TR202500081,西南仓,华南仓,极兔速递,拍照凭证,李四,审计中,2025-04-10,2025-04-12 07:00:00,0,0,证据_0081.jpg,已上传,,
TR202500082,华中仓,华南仓,顺丰速运,签收单,张三,正常,2025-05-20,2025-05-21 12:00:00,0,0,证据_0082.jpg,已上传,,需要补充82号凭证
TR202500083,华中仓,华北仓,圆通速递,物流底单,钱七,正常,2025-05-27,2025-05-29 01:00:00,0,0,证据_0083.jpg,已上传,,
TR202500134,华中仓,华中仓,韵达快递,重量单,赵六,正常,2025-03-17,2025-03-18 15:00:00,0,0,,已上传,,
TR202500085,西南仓,华南仓,京东物流,拍照凭证,孙八,返工,2025-01-09,2025-01-11 13:00:00,0,0,证据_0085.jpg,无效,时间冲突,需要补充85号凭证
TR202500086,西南仓,西南仓,中通快递,拍照凭证,李四,已完成,2025-01-28,2025-01-29 11:00:00,0,0,证据_0086.jpg,已上传,人工补录错误,
TR202500087,华中仓,华南仓,韵达快递,物流底单,王五,正常,2025-05-08,2025-05-09 17:00:00,0,0,证据_0087.jpg,已上传,,
TR202500088,华南仓,华中仓,极兔速递,签收单,王五,正常,2025-02-21,2025-02-22 18:00:00,0,0,证据_0088.jpg,缺失,,需要补充88号凭证
TR202500089,华北仓,华中仓,极兔速递,重量单,赵六,正常,2025-03-24,2025-03-26 19:00:00,0,0,证据_0089.jpg,待审核,时间冲突,
TR202500090,华北仓,西南仓,韵达快递,签收单,李四,已完成,2025-04-21,2025-04-22 05:00:00,0,0,证据_0090.jpg,已上传,,
TR202500091,华北仓,华南仓,极兔速递,GPS轨迹,张三,正常,2025-05-24,2025-05-24 13:00:00,0,0,证据_0091.jpg,已上传,,
TR202500092,西南仓,华中仓,圆通速递,GPS轨迹,张三,正常,2025-04-27,2025-04-27 23:00:00,0,0,证据_0092.jpg,已上传,,
TR202500093,西南仓,华北仓,顺丰速运,物流底单,钱七,正常,2025-03-10,2025-03-12 18:00:00,0,0,证据_0093.jpg,待审核,,
TR202500094,华南仓,华东仓,京东物流,物流底单,钱七,审计中,2025-04-09,2025-04-09 18:00:00,0,0,,无效,,
TR202500095,华北仓,华东仓,顺丰速运,物流底单,张三,正常,2025-05-20,2025-05-21 09:00:00,0,0,,已上传,,
TR202500096,华北仓,华东仓,京东物流,GPS轨迹,王五,正常,2025-01-25,2025-01-26 08:00:00,0,0,证据_0096.jpg,已上传,,
TR202500097,华中仓,华南仓,京东物流,签收单,孙八,正常,2025-06-29,2025-06-29 10:00:00,0,0,证据_0097.jpg,已上传,签收人不符,
TR202500098,西南仓,西南仓,顺丰速运,签收单,王五,返工,2025-05-03,2025-05-04 12:00:00,0,0,证据_0098.jpg,缺失,,
TR202500099,华北仓,华中仓,韵达快递,物流底单,钱七,正常,2025-02-22,2025-02-23 04:00:00,0,0,证据_0099.jpg,已上传,,
TR202500100,华南仓,华北仓,京东物流,重量单,赵六,审计中,2025-05-31,2025-06-01 15:00:00,0,0,证据_0100.jpg,已上传,,
TR202500101,华南仓,华北仓,顺丰速运,签收单,张三,正常,2025-05-24,,0,0,证据_0101.jpg,待审核,,
TR202500102,华北仓,华南仓,京东物流,GPS轨迹,钱七,正常,2025-02-26,2025-02-26 19:00:00,0,0,证据_0102.jpg,已上传,,
TR202500103,西南仓,华东仓,中通快递,拍照凭证,钱七,正常,2025-02-08,2025-02-09 04:00:00,0,1,证据_0103.jpg,已上传,其他,
TR202500154,华南仓,华南仓,韵达快递,拍照凭证,孙八,返工,2025-04-19,2025-04-19 09:00:00,1,0,,已上传,,
TR202500105,华中仓,西南仓,圆通速递,拍照凭证,张三,正常,2025-02-11,2025-02-13 14:00:00,0,0,,已上传,,
TR202500106,华南仓,西南仓,京东物流,重量单,孙八,审计中,2025-06-16,2025-06-18 19:00:00,0,0,证据_0106.jpg,已上传,,
TR202500107,华东仓,华中仓,中通快递,物流底单,张三,返工,2025-05-22,2025-05-23 23:00:00,1,0,,已上传,重量异常,
TR202500108,华东仓,华中仓,圆通速递,GPS轨迹,孙八,正常,2025-05-02,2025-05-03 05:00:00,1,1,证据_0108.jpg,已上传,,
TR202500109,西南仓,西南仓,圆通速递,重量单,王五,返工,2025-05-13,2025-05-13 13:00:00,0,0,证据_0109.jpg,无效,,
TR202500110,华北仓,西南仓,京东物流,GPS轨迹,赵六,返工,2025-06-12,2025-06-13 10:00:00,0,0,证据_0110.jpg,已上传,,
TR202500111,西南仓,西南仓,顺丰速运,GPS轨迹,赵六,正常,2025-03-16,,0,0,证据_0111.jpg,已上传,,需要补充111号凭证
TR202500112,西南仓,华南仓,京东物流,物流底单,张三,正常,2025-05-26,2025-05-28 00:00:00,0,1,证据_0112.jpg,已上传,,
TR202500113,西南仓,西南仓,中通快递,拍照凭证,李四,已完成,2025-03-17,2025-03-19 16:00:00,0,0,证据_0113.jpg,缺失,,
TR202500114,西南仓,华北仓,圆通速递,物流底单,钱七,正常,2025-01-09,2025-01-10 15:00:00,0,0,证据_0114.jpg,缺失,,
TR202500115,华中仓,华东仓,京东物流,重量单,钱七,返工,2025-03-15,2025-03-16 02:00:00,0,0,证据_0115.jpg,已上传,,
TR202500116,华中仓,西南仓,顺丰速运,重量单,张三,已完成,2025-05-25,2025-05-25 13:00:00,1,0,证据_0116.jpg,已上传,,
TR202500117,华南仓,华东仓,京东物流,重量单,孙八,正常,2025-01-07,2025-01-09 01:00:00,0,0,证据_0117.jpg,已上传,,
TR202500118,华东仓,华南仓,韵达快递,物流底单,李四,返工,2025-06-23,2025-06-25 10:00:00,0,0,证据_0118.jpg,已上传,,
TR202500119,西南仓,华东仓,顺丰速运,GPS轨迹,王五,正常,2025-05-21,2025-05-23 05:00:00,0,0,,已上传,地址错误,需要补充119号凭证
TR202500120,华南仓,华南仓,中通快递,GPS轨迹,孙八,正常,2025-06-17,2025-06-19 14:00:00,0,0,证据_0120.jpg,缺失,,需要补充120号凭证
TR202500121,华东仓,华北仓,圆通速递,签收单,孙八,正常,2025-06-19,2025-06-20 01:00:00,0,0,证据_0121.jpg,无效,,
TR202500122,华北仓,华南仓,京东物流,重量单,张三,正常,2025-05-17,2025-05-17 03:00:00,0,0,证据_0122.jpg,已上传,时间冲突,
TR202500123,华中仓,华南仓,顺丰速运,GPS轨迹,张三,返工,2025-06-27,2025-06-28 08:00:00,0,0,证据_0123.jpg,缺失,,
TR202500174,华东仓,华中仓,韵达快递,签收单,钱七,返工,2025-01-27,2025-01-27 16:00:00,0,1,证据_0124.jpg,待审核,,
TR202500125,华北仓,西南仓,顺丰速运,GPS轨迹,张三,返工,2025-05-02,,0,0,证据_0125.jpg,已上传,人工补录错误,
TR202500126,华东仓,西南仓,极兔速递,重量单,张三,正常,2025-01-05,2025-01-07 08:00:00,1,0,证据_0126.jpg,已上传,,
TR202500127,华中仓,华北仓,韵达快递,拍照凭证,张三,正常,2025-01-29,2025-01-30 17:00:00,0,0,证据_0127.jpg,待审核,单据信息不完整,
TR202500128,华中仓,华北仓,中通快递,重量单,钱七,返工,2025-06-14,2025-06-16 03:00:00,0,0,证据_0128.jpg,已上传,,
TR202500129,华南仓,西南仓,圆通速递,物流底单,王五,正常,2025-06-15,2025-06-17 23:00:00,0,0,证据_0129.jpg,无效,,
TR202500130,西南仓,华中仓,中通快递,GPS轨迹,王五,已完成,2025-03-24,2025-03-24 19:00:00,0,0,证据_0130.jpg,待审核,,
TR202500131,华东仓,西南仓,京东物流,GPS轨迹,张三,返工,2025-05-16,2025-05-17 21:00:00,0,0,证据_0131.jpg,已上传,,
TR202500132,华东仓,华中仓,顺丰速运,物流底单,钱七,返工,2025-04-19,2025-04-19 11:00:00,0,0,证据_0132.jpg,缺失,,
TR202500133,华北仓,华北仓,极兔速递,物流底单,王五,已完成,2025-03-06,,0,0,,已上传,,
TR202500134,华中仓,华东仓,韵达快递,拍照凭证,孙八,正常,2025-03-27,2025-03-27 18:00:00,0,0,证据_0134.jpg,已上传,,
TR202500135,华东仓,华北仓,韵达快递,GPS轨迹,王五,返工,2025-05-25,2025-05-27 00:00:00,0,0,证据_0135.jpg,已上传,,
TR202500136,华中仓,华北仓,顺丰速运,GPS轨迹,王五,正常,2025-03-12,2025-03-12 08:00:00,0,1,证据_0136.jpg,已上传,,
TR202500137,华东仓,华南仓,极兔速递,拍照凭证,钱七,已完成,2025-02-14,2025-02-16 09:00:00,0,0,证据_0137.jpg,已上传,,
TR202500138,华南仓,华南仓,顺丰速运,签收单,孙八,正常,2025-05-12,2025-05-14 09:00:00,0,0,证据_0138.jpg,已上传,附件缺失,
TR202500139,西南仓,华南仓,京东物流,拍照凭证,钱七,返工,2025-02-05,2025-02-07 18:00:00,0,0,证据_0139.jpg,已上传,,
TR202500140,华东仓,华南仓,中通快递,重量单,张三,审计中,2025-03-11,2025-03-11 20:00:00,0,0,证据_0140.jpg,已上传,重量异常,
TR202500141,华中仓,华中仓,韵达快递,GPS轨迹,赵六,正常,2025-06-08,2025-06-10 19:00:00,0,0,证据_0141.jpg,已上传,,
TR202500142,华南仓,西南仓,京东物流,物流底单,王五,正常,2025-01-19,2025-01-21 06:00:00,0,0,证据_0142.jpg,已上传,,
TR202500143,华东仓,华东仓,中通快递,重量单,赵六,返工,2025-04-18,2025-04-19 16:00:00,0,0,证据_0143.jpg,待审核,,
TR202500144,华北仓,华北仓,京东物流,GPS轨迹,钱七,正常,2025-06-16,,0,0,证据_0144.jpg,待审核,,
TR202500145,西南仓,华中仓,极兔速递,拍照凭证,钱七,正常,2025-04-01,2025-04-03 12:00:00,0,0,证据_0145.jpg,已上传,,
TR202500146,华东仓,华东仓,韵达快递,重量单,钱七,正常,2025-03-31,2025-04-01 06:00:00,0,0,证据_0146.jpg,无效,附件缺失,
TR202500147,华南仓,华中仓,顺丰速运,GPS轨迹,赵六,正常,2025-01-19,2025-01-21 14:00:00,0,1,证据_0147.jpg,已上传,,
TR202500148,华北仓,华中仓,顺丰速运,签收单,钱七,审计中,2025-02-08,2025-02-08 09:00:00,0,0,证据_0148.jpg,已上传,,
TR202500149,华南仓,华北仓,中通快递,签收单,张三,正常,2025-05-06,,0,0,证据_0149.jpg,已上传,,
TR202500150,华南仓,西南仓,圆通速递,物流底单,钱七,正常,2025-06-22,2025-06-24 13:00:00,0,0,证据_0150.jpg,已上传,,
TR202500151,华北仓,华南仓,极兔速递,GPS轨迹,李四,正常,2025-05-21,2025-05-23 00:00:00,0,0,证据_0151.jpg,待审核,,
TR202500152,华南仓,西南仓,中通快递,签收单,赵六,正常,2025-05-06,,1,0,证据_0152.jpg,已上传,,
TR202500153,华北仓,华北仓,圆通速递,拍照凭证,李四,正常,2025-02-27,2025-03-01 10:00:00,0,0,证据_0153.jpg,已上传,,需要补充153号凭证
TR202500154,华东仓,华北仓,京东物流,GPS轨迹,钱七,正常,2025-05-28,2025-05-29 21:00:00,1,1,证据_0154.jpg,已上传,,
TR202500205,华北仓,华北仓,极兔速递,拍照凭证,张三,正常,2025-03-02,2025-03-04 10:00:00,1,0,证据_0155.jpg,已上传,,
TR202500156,华北仓,华东仓,京东物流,拍照凭证,王五,正常,2025-05-07,2025-05-09 16:00:00,0,0,,已上传,,
TR202500157,西南仓,西南仓,韵达快递,签收单,孙八,返工,2025-04-15,2025-04-17 11:00:00,0,0,证据_0157.jpg,已上传,,
TR202500158,华北仓,西南仓,极兔速递,GPS轨迹,孙八,正常,2025-06-16,2025-06-16 09:00:00,1,1,,已上传,,
TR202500159,华北仓,华中仓,圆通速递,重量单,钱七,正常,2025-01-01,2025-01-01 06:00:00,0,0,证据_0159.jpg,已上传,人工补录错误,
TR202500160,华东仓,华中仓,韵达快递,签收单,张三,正常,2025-05-11,2025-05-11 17:00:00,0,0,证据_0160.jpg,已上传,签收人不符,
TR202500161,西南仓,华中仓,顺丰速运,签收单,赵六,正常,2025-04-02,2025-04-02 03:00:00,0,0,证据_0161.jpg,已上传,,
TR202500162,华中仓,华北仓,圆通速递,GPS轨迹,李四,返工,2025-04-23,2025-04-24 12:00:00,0,0,,已上传,,
TR202500163,华东仓,西南仓,中通快递,GPS轨迹,李四,正常,2025-06-02,2025-06-04 14:00:00,0,0,证据_0163.jpg,已上传,,
TR202500164,华东仓,华北仓,顺丰速运,拍照凭证,李四,审计中,2025-02-25,2025-02-26 18:00:00,0,0,证据_0164.jpg,已上传,地址错误,
TR202500165,华中仓,华东仓,顺丰速运,GPS轨迹,赵六,返工,2025-06-10,2025-06-10 11:00:00,0,0,证据_0165.jpg,已上传,,
TR202500166,华北仓,华中仓,中通快递,拍照凭证,孙八,正常,2025-06-15,2025-06-15 08:00:00,0,0,,缺失,,
TR202500167,华南仓,华北仓,极兔速递,签收单,张三,返工,2025-04-27,2025-04-29 09:00:00,1,0,证据_0167.jpg,已上传,,
TR202500168,西南仓,华北仓,顺丰速运,物流底单,赵六,正常,2025-05-14,2025-05-16 11:00:00,0,0,证据_0168.jpg,无效,,
TR202500169,华南仓,华东仓,圆通速递,重量单,李四,正常,2025-02-27,2025-02-27 10:00:00,0,0,证据_0169.jpg,已上传,签收人不符,
TR202500170,华中仓,华南仓,韵达快递,签收单,钱七,正常,2025-02-13,2025-02-13 02:00:00,0,0,证据_0170.jpg,已上传,,
TR202500171,华东仓,西南仓,顺丰速运,GPS轨迹,王五,正常,2025-06-22,2025-06-22 23:00:00,0,0,证据_0171.jpg,待审核,,
TR202500172,华东仓,华南仓,圆通速递,重量单,赵六,审计中,2025-06-09,2025-06-11 14:00:00,0,0,证据_0172.jpg,已上传,,
TR202500173,西南仓,华中仓,京东物流,物流底单,赵六,返工,2025-06-22,2025-06-24 19:00:00,1,0,,已上传,,
TR202500174,华东仓,华北仓,圆通速递,物流底单,张三,已完成,2025-03-02,2025-03-04 13:00:00,0,1,证据_0174.jpg,已上传,,
TR202500175,华东仓,华东仓,韵达快递,拍照凭证,张三,正常,2025-02-16,2025-02-17 21:00:00,0,0,证据_0175.jpg,已上传,,
TR202500176,西南仓,华东仓,圆通速递,重量单,赵六,正常,2025-05-29,2025-05-29 21:00:00,0,0,证据_0176.jpg,已上传,,
TR202500177,西南仓,西南仓,中通快递,拍照凭证,李四,正常,2025-03-21,2025-03-21 13:00:00,0,0,,待审核,,
TR202500178,华中仓,华南仓,韵达快递,签收单,王五,返工,2025-04-28,2025-04-28 07:00:00,1,0,证据_0178.jpg,已上传,,
TR202500179,华东仓,西南仓,极兔速递,重量单,张三,正常,2025-06-13,2025-06-15 05:00:00,0,1,证据_0179.jpg,已上传,重量异常,
TR202500180,华东仓,华北仓,京东物流,签收单,李四,已完成,2025-05-27,2025-05-27 04:00:00,0,0,证据_0180.jpg,待审核,其他,
TR202500181,华中仓,西南仓,中通快递,拍照凭证,钱七,正常,2025-01-20,2025-01-22 22:00:00,0,0,证据_0181.jpg,待审核,,
TR202500182,华北仓,华东仓,极兔速递,重量单,张三,正常,2025-05-26,2025-05-27 09:00:00,1,0,证据_0182.jpg,已上传,,
TR202500183,华北仓,华东仓,圆通速递,拍照凭证,李四,返工,2025-02-16,2025-02-16 01:00:00,0,0,证据_0183.jpg,已上传,,
TR202500184,华北仓,华中仓,韵达快递,重量单,李四,正常,2025-02-18,2025-02-18 22:00:00,0,0,证据_0184.jpg,缺失,,
TR202500185,华中仓,华中仓,京东物流,拍照凭证,王五,正常,2025-01-14,,0,0,证据_0185.jpg,已上传,,
TR202500186,华东仓,华北仓,中通快递,物流底单,王五,返工,2025-05-23,2025-05-24 11:00:00,1,0,证据_0186.jpg,已上传,地址错误,
TR202500187,华中仓,华南仓,极兔速递,拍照凭证,钱七,正常,2025-06-08,2025-06-10 12:00:00,0,1,证据_0187.jpg,无效,,
TR202500188,华中仓,西南仓,极兔速递,物流底单,李四,返工,2025-01-01,,0,0,证据_0188.jpg,已上传,,
TR202500189,华北仓,华北仓,京东物流,拍照凭证,孙八,正常,2025-04-27,2025-04-27 06:00:00,0,0,证据_0189.jpg,已上传,,
TR202500190,华南仓,华中仓,圆通速递,重量单,李四,审计中,2025-02-23,2025-02-25 11:00:00,0,0,证据_0190.jpg,已上传,,
TR202500191,华东仓,西南仓,京东物流,重量单,王五,返工,2025-04-28,2025-04-29 05:00:00,0,0,证据_0191.jpg,已上传,,
TR202500192,华北仓,华中仓,极兔速递,重量单,孙八,正常,2025-01-03,2025-01-03 18:00:00,0,0,证据_0192.jpg,缺失,,
TR202500193,华南仓,西南仓,顺丰速运,GPS轨迹,张三,正常,2025-05-24,2025-05-26 06:00:00,1,0,证据_0193.jpg,已上传,时间冲突,
TR202500244,华南仓,华南仓,中通快递,签收单,张三,已完成,2025-01-12,2025-01-13 14:00:00,0,0,证据_0194.jpg,已上传,,
TR202500195,西南仓,华北仓,京东物流,重量单,赵六,正常,2025-03-15,,1,0,证据_0195.jpg,已上传,,
TR202500196,华东仓,西南仓,极兔速递,物流底单,王五,已完成,2025-01-16,2025-01-17 19:00:00,0,0,证据_0196.jpg,已上传,,
TR202500197,华南仓,华东仓,圆通速递,重量单,赵六,正常,2025-04-12,2025-04-14 13:00:00,0,0,证据_0197.jpg,已上传,,
TR202500198,华北仓,华东仓,极兔速递,GPS轨迹,孙八,正常,2025-06-01,2025-06-02 11:00:00,0,0,证据_0198.jpg,已上传,,
TR202500199,西南仓,西南仓,圆通速递,物流底单,王五,返工,2025-06-05,2025-06-05 16:00:00,0,1,证据_0199.jpg,已上传,,
TR202500200,华东仓,西南仓,京东物流,GPS轨迹,钱七,已完成,2025-04-27,2025-04-28 11:00:00,1,1,证据_0200.jpg,缺失,,
TR202500201,华中仓,西南仓,圆通速递,物流底单,李四,正常,2025-01-08,,0,1,证据_0201.jpg,已上传,重量异常,
TR202500202,华北仓,华东仓,韵达快递,拍照凭证,钱七,返工,2025-05-02,2025-05-04 06:00:00,0,0,证据_0202.jpg,已上传,,
TR202500203,华南仓,华东仓,韵达快递,签收单,孙八,正常,2025-04-02,2025-04-04 00:00:00,0,0,证据_0203.jpg,缺失,,
TR202500204,华南仓,西南仓,韵达快递,签收单,王五,正常,2025-06-13,2025-06-14 14:00:00,0,0,证据_0204.jpg,已上传,,
TR202500205,华北仓,华中仓,顺丰速运,GPS轨迹,孙八,返工,2025-03-31,,0,1,证据_0205.jpg,已上传,,
TR202500206,华南仓,华中仓,京东物流,签收单,李四,返工,2025-05-16,2025-05-18 01:00:00,0,0,证据_0206.jpg,待审核,,
TR202500207,西南仓,华南仓,极兔速递,GPS轨迹,张三,已完成,2025-03-01,2025-03-02 08:00:00,1,0,证据_0207.jpg,已上传,,
TR202500208,华东仓,华北仓,极兔速递,GPS轨迹,张三,正常,2025-06-27,2025-06-29 10:00:00,0,0,证据_0208.jpg,已上传,,
TR202500209,西南仓,华中仓,顺丰速运,GPS轨迹,孙八,正常,2025-01-28,2025-01-30 21:00:00,0,0,,已上传,,
TR202500210,华南仓,华东仓,圆通速递,签收单,赵六,正常,2025-04-11,2025-04-11 10:00:00,0,0,证据_0210.jpg,已上传,人工补录错误,
TR202500211,华中仓,华中仓,顺丰速运,GPS轨迹,王五,正常,2025-02-10,2025-02-12 20:00:00,1,0,证据_0211.jpg,待审核,,
TR202500212,华东仓,华南仓,圆通速递,签收单,王五,正常,2025-06-04,2025-06-04 19:00:00,0,0,,已上传,,
TR202500213,华东仓,华南仓,圆通速递,GPS轨迹,张三,返工,2025-05-25,2025-05-27 13:00:00,0,0,证据_0213.jpg,缺失,,
TR202500214,华北仓,华北仓,中通快递,重量单,钱七,正常,2025-06-10,2025-06-10 20:00:00,0,0,证据_0214.jpg,缺失,附件缺失,
TR202500215,华北仓,华中仓,极兔速递,GPS轨迹,李四,已完成,2025-06-06,2025-06-07 00:00:00,0,0,证据_0215.jpg,已上传,其他,
TR202500216,华中仓,华东仓,韵达快递,物流底单,钱七,已完成,2025-05-21,2025-05-23 07:00:00,0,0,证据_0216.jpg,已上传,,
TR202500217,华东仓,华东仓,圆通速递,GPS轨迹,钱七,正常,2025-02-15,2025-02-17 15:00:00,1,0,,已上传,,
TR202500218,华中仓,西南仓,中通快递,拍照凭证,孙八,已完成,2025-02-04,2025-02-06 03:00:00,0,0,证据_0218.jpg,已上传,时间冲突,
TR202500219,华北仓,华东仓,极兔速递,GPS轨迹,张三,返工,2025-05-14,2025-05-16 02:00:00,0,0,证据_0219.jpg,已上传,,
TR202500220,华北仓,华北仓,韵达快递,物流底单,张三,正常,2025-03-23,2025-03-24 18:00:00,0,1,证据_0220.jpg,无效,,
TR202500221,华东仓,华北仓,圆通速递,物流底单,张三,正常,2025-04-25,2025-04-26 01:00:00,0,0,证据_0221.jpg,待审核,签收人不符,
TR202500222,西南仓,华东仓,圆通速递,签收单,孙八,正常,2025-02-16,2025-02-17 08:00:00,0,1,证据_0222.jpg,已上传,,
TR202500223,华南仓,华东仓,顺丰速运,重量单,赵六,正常,2025-06-02,2025-06-02 18:00:00,0,1,,已上传,,
TR202500224,华北仓,西南仓,顺丰速运,GPS轨迹,钱七,审计中,2025-01-10,2025-01-12 06:00:00,0,0,证据_0224.jpg,缺失,,
TR202500225,华北仓,华东仓,极兔速递,签收单,孙八,正常,2025-02-25,2025-02-25 21:00:00,0,0,证据_0225.jpg,已上传,,
TR202500226,西南仓,西南仓,韵达快递,重量单,王五,审计中,2025-01-30,2025-01-31 17:00:00,0,0,证据_0226.jpg,无效,,
TR202500227,西南仓,西南仓,圆通速递,GPS轨迹,李四,返工,2025-04-19,2025-04-21 06:00:00,0,0,证据_0227.jpg,已上传,,
TR202500228,华中仓,华东仓,极兔速递,拍照凭证,赵六,正常,2025-01-05,2025-01-07 17:00:00,1,0,证据_0228.jpg,已上传,,
TR202500229,华中仓,华南仓,极兔速递,GPS轨迹,王五,已完成,2025-04-29,2025-04-29 04:00:00,0,0,证据_0229.jpg,缺失,,
TR202500230,华南仓,华南仓,京东物流,物流底单,钱七,正常,2025-02-02,2025-02-02 22:00:00,0,0,,已上传,时间冲突,
TR202500231,华南仓,西南仓,顺丰速运,物流底单,张三,正常,2025-04-28,2025-04-29 23:00:00,0,0,证据_0231.jpg,无效,,
TR202500232,华东仓,华东仓,韵达快递,拍照凭证,钱七,返工,2025-03-06,2025-03-07 22:00:00,0,0,证据_0232.jpg,无效,,
TR202500233,华中仓,华南仓,圆通速递,签收单,孙八,正常,2025-05-26,2025-05-26 20:00:00,0,0,证据_0233.jpg,已上传,,
TR202500234,华北仓,华东仓,极兔速递,重量单,李四,正常,2025-06-26,2025-06-27 09:00:00,0,0,证据_0234.jpg,已上传,,
TR202500235,华中仓,华东仓,圆通速递,GPS轨迹,孙八,正常,2025-01-11,2025-01-12 19:00:00,0,0,证据_0235.jpg,待审核,,需要补充235号凭证
TR202500236,华北仓,华东仓,京东物流,物流底单,赵六,正常,2025-03-26,2025-03-27 16:00:00,0,0,证据_0236.jpg,无效,,
TR202500237,西南仓,华中仓,韵达快递,签收单,赵六,已完成,2025-01-26,2025-01-27 14:00:00,0,0,证据_0237.jpg,已上传,人工补录错误,
TR202500238,华中仓,华东仓,极兔速递,拍照凭证,李四,正常,2025-03-04,2025-03-06 08:00:00,0,0,,缺失,,
TR202500239,西南仓,华中仓,圆通速递,物流底单,王五,正常,2025-03-27,2025-03-27 13:00:00,0,0,证据_0239.jpg,已上传,,
TR202500240,华南仓,西南仓,顺丰速运,拍照凭证,王五,正常,2025-02-28,2025-03-01 13:00:00,0,0,证据_0240.jpg,已上传,,
TR202500241,华南仓,华南仓,京东物流,GPS轨迹,赵六,已完成,2025-01-27,2025-01-29 18:00:00,0,0,证据_0241.jpg,无效,单据信息不完整,需要补充241号凭证
TR202500242,华东仓,华南仓,韵达快递,重量单,赵六,正常,2025-06-26,2025-06-27 02:00:00,0,0,证据_0242.jpg,已上传,,
TR202500243,华中仓,华南仓,京东物流,物流底单,张三,正常,2025-06-10,2025-06-11 16:00:00,0,0,证据_0243.jpg,待审核,,
TR202500244,西南仓,华南仓,顺丰速运,物流底单,王五,正常,2025-04-08,2025-04-08 20:00:00,0,0,证据_0244.jpg,已上传,,需要补充244号凭证
TR202500245,华北仓,华南仓,韵达快递,GPS轨迹,李四,正常,2025-04-15,,0,0,证据_0245.jpg,已上传,,
TR202500246,华南仓,华南仓,京东物流,签收单,王五,返工,2025-04-09,2025-04-10 06:00:00,1,0,证据_0246.jpg,已上传,,
TR202500247,华南仓,华南仓,中通快递,重量单,张三,返工,2025-05-09,2025-05-11 07:00:00,0,0,证据_0247.jpg,已上传,,
TR202500248,华北仓,西南仓,顺丰速运,物流底单,孙八,正常,2025-05-29,2025-05-31 14:00:00,0,0,证据_0248.jpg,已上传,签收人不符,
TR202500249,西南仓,华东仓,顺丰速运,重量单,赵六,返工,2025-02-24,2025-02-25 21:00:00,0,1,证据_0249.jpg,已上传,,
TR202500250,西南仓,华北仓,顺丰速运,物流底单,赵六,正常,2025-01-06,2025-01-08 08:00:00,0,0,证据_0250.jpg,已上传,,需要补充250号凭证
TR202500251,华中仓,华中仓,中通快递,重量单,张三,已完成,2025-04-05,2025-04-07 05:00:00,1,0,,已上传,人工补录错误,
TR202500252,华中仓,华北仓,中通快递,拍照凭证,李四,已完成,2025-05-13,2025-05-14 11:00:00,0,0,证据_0252.jpg,已上传,,
TR202500253,华东仓,华北仓,圆通速递,物流底单,赵六,正常,2025-04-12,2025-04-13 13:00:00,0,0,证据_0253.jpg,缺失,,
TR202500254,华南仓,华东仓,极兔速递,重量单,钱七,审计中,2025-01-03,2025-01-05 09:00:00,0,0,证据_0254.jpg,已上传,,
TR202500255,华中仓,华东仓,京东物流,签收单,赵六,返工,2025-01-23,2025-01-23 20:00:00,0,0,证据_0255.jpg,已上传,,
TR202500256,西南仓,华东仓,圆通速递,拍照凭证,钱七,正常,2025-02-22,2025-02-24 05:00:00,0,0,证据_0256.jpg,已上传,,
TR202500257,华北仓,华南仓,京东物流,拍照凭证,张三,正常,2025-06-14,2025-06-16 01:00:00,0,0,证据_0257.jpg,已上传,,
TR202500258,西南仓,西南仓,极兔速递,签收单,张三,正常,2025-03-24,2025-03-25 18:00:00,1,0,证据_0258.jpg,已上传,,
TR202500259,华南仓,华南仓,中通快递,重量单,赵六,返工,2025-05-25,2025-05-25 19:00:00,0,0,,已上传,,
TR202500260,西南仓,西南仓,极兔速递,GPS轨迹,王五,已完成,2025-03-26,2025-03-28 02:00:00,0,0,证据_0260.jpg,已上传,,
TR202500261,华东仓,西南仓,中通快递,签收单,钱七,返工,2025-03-19,2025-03-21 10:00:00,1,0,证据_0261.jpg,已上传,,
TR202500262,华南仓,华北仓,极兔速递,重量单,李四,审计中,2025-04-20,2025-04-20 20:00:00,0,0,证据_0262.jpg,缺失,,
TR202500263,华北仓,华北仓,圆通速递,签收单,赵六,正常,2025-01-01,,1,0,证据_0263.jpg,已上传,人工补录错误,
TR202500264,华东仓,西南仓,韵达快递,签收单,李四,返工,2025-02-20,2025-02-21 08:00:00,1,0,,已上传,,
TR202500265,华南仓,西南仓,圆通速递,物流底单,赵六,返工,2025-06-22,2025-06-22 03:00:00,0,0,证据_0265.jpg,已上传,,
TR202500266,华北仓,华南仓,京东物流,重量单,王五,正常,2025-01-04,2025-01-05 16:00:00,0,0,证据_0266.jpg,已上传,,
TR202500267,华东仓,华南仓,圆通速递,GPS轨迹,王五,正常,2025-04-23,2025-04-25 08:00:00,0,0,,已上传,,
TR202500268,华东仓,华北仓,顺丰速运,物流底单,王五,返工,2025-02-01,2025-02-01 11:00:00,1,0,证据_0268.jpg,已上传,,
TR202500269,华南仓,华东仓,京东物流,签收单,孙八,正常,2025-02-03,2025-02-03 08:00:00,0,0,证据_0269.jpg,已上传,,
TR202500270,华中仓,西南仓,极兔速递,签收单,王五,返工,2025-04-02,2025-04-04 08:00:00,0,0,证据_0270.jpg,已上传,附件缺失,
TR202500271,华东仓,华南仓,京东物流,签收单,张三,正常,2025-04-05,2025-04-06 15:00:00,1,0,证据_0271.jpg,已上传,签收人不符,
TR202500272,华东仓,华北仓,韵达快递,重量单,张三,正常,2025-03-13,2025-03-14 12:00:00,1,0,,已上传,签收人不符,
TR202500273,华北仓,华南仓,中通快递,重量单,孙八,返工,2025-02-08,2025-02-09 12:00:00,0,0,证据_0273.jpg,已上传,,需要补充273号凭证
TR202500274,西南仓,西南仓,极兔速递,物流底单,钱七,正常,2025-06-03,2025-06-03 04:00:00,0,0,证据_0274.jpg,已上传,,
TR202500275,华南仓,西南仓,京东物流,GPS轨迹,李四,正常,2025-06-11,2025-06-13 16:00:00,1,0,证据_0275.jpg,已上传,重量异常,
TR202500276,华南仓,华中仓,极兔速递,物流底单,赵六,正常,2025-04-28,,0,0,证据_0276.jpg,已上传,签收人不符,
TR202500277,华中仓,华东仓,极兔速递,拍照凭证,赵六,审计中,2025-01-03,2025-01-03 22:00:00,1,0,证据_0277.jpg,已上传,,
TR202500278,华中仓,华中仓,极兔速递,签收单,孙八,正常,2025-05-03,2025-05-03 11:00:00,0,1,证据_0278.jpg,已上传,签收人不符,
TR202500279,华南仓,华北仓,中通快递,签收单,张三,已完成,2025-02-19,2025-02-21 14:00:00,0,0,证据_0279.jpg,已上传,,
TR202500280,华中仓,华南仓,圆通速递,签收单,赵六,正常,2025-01-12,2025-01-12 10:00:00,0,0,证据_0280.jpg,已上传,单据信息不完整,
TR202500281,华北仓,华北仓,极兔速递,物流底单,张三,已完成,2025-02-23,2025-02-24 00:00:00,0,0,证据_0281.jpg,已上传,,
TR202500282,华南仓,西南仓,顺丰速运,物流底单,钱七,已完成,2025-05-13,2025-05-15 12:00:00,0,0,证据_0282.jpg,已上传,重量异常,
TR202500283,华中仓,华中仓,韵达快递,签收单,李四,正常,2025-02-26,2025-02-26 17:00:00,0,0,证据_0283.jpg,已上传,,需要补充283号凭证
TR202500284,华南仓,华中仓,中通快递,物流底单,钱七,正常,2025-05-25,2025-05-27 09:00:00,0,0,证据_0284.jpg,已上传,,
TR202500285,西南仓,华中仓,京东物流,重量单,孙八,正常,2025-04-22,2025-04-24 05:00:00,0,0,证据_0285.jpg,已上传,,
TR202500286,华东仓,华北仓,中通快递,重量单,王五,正常,2025-02-16,2025-02-16 09:00:00,0,0,证据_0286.jpg,无效,重量异常,
TR202500287,华南仓,西南仓,京东物流,物流底单,王五,正常,2025-05-31,2025-06-02 00:00:00,0,0,证据_0287.jpg,已上传,,
TR202500288,华东仓,华南仓,中通快递,签收单,王五,正常,2025-03-26,2025-03-27 16:00:00,0,0,证据_0288.jpg,已上传,其他,
TR202500289,华中仓,华南仓,京东物流,物流底单,钱七,正常,2025-05-22,2025-05-22 15:00:00,0,0,证据_0289.jpg,无效,,
TR202500290,华东仓,华北仓,极兔速递,物流底单,赵六,正常,2025-03-07,,0,0,证据_0290.jpg,缺失,,
TR202500291,华南仓,华中仓,圆通速递,物流底单,李四,正常,2025-03-16,2025-03-16 13:00:00,0,0,证据_0291.jpg,已上传,,
TR202500292,西南仓,华东仓,京东物流,拍照凭证,王五,正常,2025-06-28,2025-06-28 09:00:00,0,0,,已上传,,
TR202500293,华中仓,华北仓,京东物流,重量单,孙八,已完成,2025-04-13,2025-04-15 15:00:00,0,0,,已上传,时间冲突,需要补充293号凭证
TR202500294,华南仓,华北仓,顺丰速运,GPS轨迹,孙八,正常,2025-06-15,2025-06-16 14:00:00,1,0,证据_0294.jpg,已上传,,
TR202500295,华中仓,西南仓,京东物流,GPS轨迹,王五,正常,2025-02-07,2025-02-09 23:00:00,1,0,证据_0295.jpg,已上传,,
TR202500296,华北仓,华南仓,顺丰速运,拍照凭证,王五,正常,2025-02-19,2025-02-21 00:00:00,0,0,证据_0296.jpg,已上传,,
TR202500297,华东仓,华北仓,韵达快递,物流底单,李四,返工,2025-04-08,2025-04-10 07:00:00,1,0,证据_0297.jpg,已上传,,
TR202500298,华北仓,华北仓,极兔速递,拍照凭证,王五,已完成,2025-03-23,2025-03-25 11:00:00,0,0,,待审核,人工补录错误,
TR202500299,华南仓,华中仓,顺丰速运,拍照凭证,李四,审计中,2025-01-30,2025-02-01 14:00:00,0,0,证据_0299.jpg,待审核,,
TR202500300,西南仓,华中仓,圆通速递,签收单,孙八,已完成,2025-03-20,2025-03-20 06:00:00,0,0,证据_0300.jpg,已上传,附件缺失,
TR202500301,华中仓,华东仓,极兔速递,重量单,王五,正常,2025-04-01,2025-04-03 12:00:00,0,0,证据_0301.jpg,已上传,,
TR202500302,华东仓,西南仓,顺丰速运,GPS轨迹,钱七,返工,2025-06-28,2025-06-30 06:00:00,0,0,证据_0302.jpg,已上传,,
TR202500303,华中仓,华东仓,极兔速递,物流底单,钱七,返工,2025-02-21,2025-02-22 15:00:00,0,0,证据_0303.jpg,无效,,
TR202500304,华南仓,华中仓,极兔速递,GPS轨迹,孙八,正常,2025-06-15,2025-06-16 08:00:00,0,0,证据_0304.jpg,已上传,,需要补充304号凭证
TR202500305,华中仓,华南仓,极兔速递,GPS轨迹,李四,已完成,2025-03-20,2025-03-22 15:00:00,0,0,证据_0305.jpg,已上传,,
TR202500306,华东仓,华中仓,韵达快递,重量单,钱七,正常,2025-01-30,2025-02-01 05:00:00,0,0,证据_0306.jpg,已上传,,
TR202500307,华南仓,西南仓,圆通速递,GPS轨迹,李四,返工,2025-04-16,2025-04-17 04:00:00,0,1,证据_0307.jpg,已上传,,
TR202500308,华中仓,华中仓,中通快递,GPS轨迹,钱七,正常,2025-02-20,2025-02-20 22:00:00,0,0,证据_0308.jpg,已上传,,需要补充308号凭证
TR202500309,西南仓,西南仓,中通快递,拍照凭证,钱七,正常,2025-03-22,2025-03-23 14:00:00,0,0,证据_0309.jpg,缺失,,
TR202500310,华南仓,西南仓,顺丰速运,重量单,李四,返工,2025-05-13,2025-05-15 14:00:00,0,1,证据_0310.jpg,已上传,,
TR202500311,华南仓,西南仓,极兔速递,签收单,赵六,正常,2025-01-29,2025-01-30 08:00:00,0,0,,已上传,,
TR202500312,西南仓,西南仓,顺丰速运,物流底单,钱七,正常,2025-05-12,2025-05-12 03:00:00,1,1,,已上传,,
TR202500313,华北仓,西南仓,韵达快递,GPS轨迹,王五,正常,2025-05-18,2025-05-20 01:00:00,0,1,证据_0313.jpg,已上传,,
TR202500314,华东仓,华南仓,韵达快递,物流底单,孙八,返工,2025-05-25,2025-05-27 21:00:00,0,0,证据_0314.jpg,无效,,
TR202500315,华北仓,华东仓,京东物流,签收单,赵六,正常,2025-03-15,2025-03-16 17:00:00,0,0,,待审核,附件缺失,需要补充315号凭证
TR202500366,华中仓,华北仓,韵达快递,物流底单,李四,正常,2025-01-17,2025-01-17 22:00:00,0,0,证据_0316.jpg,待审核,,
TR202500317,西南仓,华东仓,京东物流,签收单,赵六,已完成,2025-03-25,2025-03-26 21:00:00,0,0,证据_0317.jpg,无效,,
TR202500318,华北仓,西南仓,圆通速递,拍照凭证,张三,返工,2025-03-10,2025-03-12 01:00:00,0,0,,已上传,,
TR202500319,华南仓,华南仓,顺丰速运,GPS轨迹,张三,正常,2025-02-03,2025-02-05 06:00:00,0,0,证据_0319.jpg,已上传,,
TR202500320,华中仓,华中仓,圆通速递,签收单,钱七,返工,2025-01-06,2025-01-06 01:00:00,0,0,证据_0320.jpg,已上传,地址错误,需要补充320号凭证
TR202500321,华中仓,华南仓,韵达快递,物流底单,钱七,返工,2025-02-22,2025-02-22 17:00:00,0,0,证据_0321.jpg,无效,,
TR202500322,华北仓,西南仓,圆通速递,GPS轨迹,王五,审计中,2025-05-06,2025-05-06 23:00:00,0,1,证据_0322.jpg,已上传,,
TR202500323,华北仓,华南仓,圆通速递,拍照凭证,孙八,正常,2025-02-12,2025-02-12 08:00:00,0,0,证据_0323.jpg,已上传,,
TR202500324,西南仓,华南仓,圆通速递,GPS轨迹,赵六,正常,2025-04-25,2025-04-27 11:00:00,0,0,,缺失,,
TR202500325,华东仓,西南仓,韵达快递,签收单,张三,正常,2025-04-21,2025-04-22 04:00:00,0,0,证据_0325.jpg,已上传,,
TR202500326,华北仓,华南仓,极兔速递,拍照凭证,钱七,正常,2025-05-31,2025-05-31 16:00:00,0,0,证据_0326.jpg,已上传,,
TR202500327,华北仓,华北仓,圆通速递,物流底单,孙八,正常,2025-03-21,2025-03-21 17:00:00,0,0,证据_0327.jpg,已上传,,
TR202500328,华南仓,华北仓,京东物流,拍照凭证,赵六,正常,2025-04-05,2025-04-05 13:00:00,0,0,,已上传,,
TR202500329,华中仓,华南仓,韵达快递,拍照凭证,钱七,正常,2025-04-28,2025-04-28 13:00:00,0,1,,已上传,,
TR202500330,华东仓,华中仓,圆通速递,重量单,钱七,正常,2025-05-24,2025-05-24 21:00:00,0,0,,缺失,,
TR202500331,华南仓,西南仓,极兔速递,拍照凭证,张三,正常,2025-01-08,,1,0,证据_0331.jpg,已上传,,
TR202500332,西南仓,华北仓,韵达快递,拍照凭证,张三,审计中,2025-05-12,2025-05-12 15:00:00,0,0,证据_0332.jpg,待审核,,
TR202500333,西南仓,华中仓,中通快递,GPS轨迹,钱七,正常,2025-04-14,2025-04-16 05:00:00,1,1,证据_0333.jpg,已上传,附件缺失,
TR202500334,华北仓,华南仓,极兔速递,物流底单,李四,正常,2025-05-12,,0,0,证据_0334.jpg,已上传,,
TR202500335,华北仓,华中仓,京东物流,GPS轨迹,钱七,返工,2025-01-25,,0,0,证据_0335.jpg,已上传,,
TR202500336,西南仓,华东仓,圆通速递,GPS轨迹,孙八,正常,2025-04-06,2025-04-08 04:00:00,0,0,证据_0336.jpg,已上传,,
TR202500337,华北仓,华北仓,中通快递,签收单,钱七,返工,2025-06-04,2025-06-04 01:00:00,0,0,,已上传,,
TR202500338,华东仓,华南仓,中通快递,GPS轨迹,王五,返工,2025-04-03,2025-04-03 09:00:00,0,0,证据_0338.jpg,缺失,,
TR202500339,华北仓,西南仓,韵达快递,重量单,王五,正常,2025-06-09,2025-06-09 12:00:00,0,0,证据_0339.jpg,已上传,,
TR202500340,华中仓,华南仓,中通快递,重量单,王五,返工,2025-06-27,2025-06-29 09:00:00,0,0,证据_0340.jpg,已上传,,
TR202500341,华北仓,西南仓,京东物流,签收单,李四,正常,2025-03-02,2025-03-03 03:00:00,0,0,证据_0341.jpg,已上传,,
TR202500342,华南仓,华南仓,京东物流,物流底单,李四,正常,2025-05-02,2025-05-04 17:00:00,0,0,证据_0342.jpg,已上传,,
TR202500343,华东仓,华中仓,顺丰速运,物流底单,钱七,正常,2025-02-20,2025-02-21 18:00:00,1,0,证据_0343.jpg,已上传,,
TR202500344,华南仓,华中仓,京东物流,GPS轨迹,王五,正常,2025-05-27,2025-05-27 11:00:00,0,0,证据_0344.jpg,已上传,,需要补充344号凭证
TR202500345,华南仓,华中仓,极兔速递,GPS轨迹,李四,已完成,2025-01-21,2025-01-21 17:00:00,0,0,证据_0345.jpg,已上传,,
TR202500346,华中仓,华东仓,中通快递,GPS轨迹,张三,正常,2025-01-05,2025-01-06 16:00:00,0,0,证据_0346.jpg,无效,,
TR202500347,华东仓,西南仓,京东物流,物流底单,钱七,正常,2025-04-02,2025-04-02 06:00:00,0,0,证据_0347.jpg,已上传,重量异常,
TR202500348,华东仓,华中仓,韵达快递,拍照凭证,孙八,正常,2025-06-19,2025-06-20 13:00:00,0,0,,已上传,人工补录错误,
TR202500349,华东仓,华东仓,顺丰速运,重量单,赵六,正常,2025-03-02,2025-03-04 06:00:00,1,0,证据_0349.jpg,已上传,,
TR202500350,华东仓,西南仓,中通快递,拍照凭证,钱七,正常,2025-01-22,,0,0,,已上传,附件缺失,
TR202500351,华东仓,华南仓,顺丰速运,拍照凭证,赵六,正常,2025-05-29,2025-05-29 11:00:00,0,0,证据_0351.jpg,已上传,,
TR202500352,华中仓,华东仓,中通快递,物流底单,王五,返工,2025-03-11,2025-03-11 21:00:00,0,0,证据_0352.jpg,已上传,人工补录错误,
TR202500353,华北仓,华北仓,韵达快递,拍照凭证,赵六,正常,2025-01-01,2025-01-03 15:00:00,0,0,证据_0353.jpg,缺失,,
TR202500354,华南仓,华东仓,顺丰速运,签收单,王五,正常,2025-05-13,,0,1,证据_0354.jpg,已上传,,
TR202500355,华东仓,华东仓,圆通速递,GPS轨迹,张三,正常,2025-01-12,2025-01-12 17:00:00,0,0,证据_0355.jpg,已上传,,
TR202500356,华北仓,西南仓,极兔速递,签收单,赵六,正常,2025-03-31,2025-04-02 08:00:00,1,0,证据_0356.jpg,已上传,其他,
TR202500357,华北仓,华南仓,极兔速递,重量单,钱七,审计中,2025-02-15,2025-02-17 18:00:00,0,0,证据_0357.jpg,已上传,,
TR202500358,华南仓,华北仓,中通快递,GPS轨迹,王五,正常,2025-02-03,2025-02-04 13:00:00,1,1,证据_0358.jpg,已上传,单据信息不完整,
TR202500359,华中仓,华中仓,圆通速递,拍照凭证,钱七,正常,2025-06-26,2025-06-28 20:00:00,0,0,证据_0359.jpg,待审核,人工补录错误,
TR202500360,西南仓,华中仓,顺丰速运,重量单,李四,正常,2025-03-19,2025-03-21 01:00:00,0,0,证据_0360.jpg,已上传,,
TR202500411,西南仓,华东仓,圆通速递,GPS轨迹,王五,返工,2025-02-14,2025-02-16 10:00:00,0,0,证据_0361.jpg,缺失,重量异常,
TR202500362,华北仓,西南仓,圆通速递,拍照凭证,赵六,正常,2025-06-04,2025-06-06 10:00:00,0,0,证据_0362.jpg,已上传,,
TR202500363,华南仓,西南仓,顺丰速运,签收单,王五,正常,2025-03-14,2025-03-16 12:00:00,1,0,证据_0363.jpg,已上传,,
TR202500364,西南仓,华中仓,韵达快递,GPS轨迹,钱七,返工,2025-01-26,2025-01-28 10:00:00,0,0,证据_0364.jpg,已上传,,
TR202500365,华北仓,华北仓,圆通速递,拍照凭证,张三,正常,2025-02-16,2025-02-18 08:00:00,0,0,,已上传,,
TR202500366,华中仓,华南仓,圆通速递,签收单,王五,审计中,2025-05-01,2025-05-01 01:00:00,0,0,,已上传,,
TR202500367,西南仓,华北仓,韵达快递,重量单,赵六,返工,2025-02-25,,0,0,,已上传,,
TR202500368,华北仓,华南仓,圆通速递,重量单,李四,正常,2025-04-04,2025-04-06 15:00:00,0,0,证据_0368.jpg,无效,,
TR202500369,华北仓,华中仓,圆通速递,重量单,孙八,正常,2025-04-17,2025-04-17 04:00:00,0,0,证据_0369.jpg,已上传,重量异常,
TR202500370,华东仓,华南仓,圆通速递,重量单,张三,正常,2025-03-04,2025-03-05 03:00:00,0,0,证据_0370.jpg,已上传,,
TR202500421,华中仓,西南仓,极兔速递,物流底单,李四,正常,2025-02-17,,0,0,证据_0371.jpg,无效,,
TR202500372,华东仓,华东仓,京东物流,GPS轨迹,王五,已完成,2025-03-02,2025-03-03 07:00:00,0,0,证据_0372.jpg,缺失,,需要补充372号凭证
TR202500373,华南仓,华东仓,韵达快递,GPS轨迹,钱七,正常,2025-03-22,2025-03-22 14:00:00,0,0,证据_0373.jpg,已上传,,
TR202500424,华东仓,华中仓,圆通速递,物流底单,钱七,正常,2025-01-26,2025-01-27 10:00:00,0,1,证据_0374.jpg,已上传,,
TR202500375,华东仓,西南仓,极兔速递,拍照凭证,赵六,返工,2025-02-05,2025-02-06 00:00:00,1,0,证据_0375.jpg,无效,,
TR202500376,西南仓,华北仓,韵达快递,拍照凭证,钱七,正常,2025-01-01,2025-01-02 02:00:00,0,0,证据_0376.jpg,已上传,,
TR202500427,华北仓,西南仓,中通快递,重量单,张三,正常,2025-01-08,2025-01-08 10:00:00,0,1,证据_0377.jpg,已上传,单据信息不完整,
TR202500378,华中仓,华东仓,中通快递,签收单,钱七,正常,2025-04-23,2025-04-24 00:00:00,0,0,证据_0378.jpg,已上传,地址错误,
TR202500379,华东仓,华东仓,圆通速递,拍照凭证,赵六,正常,2025-04-09,2025-04-11 10:00:00,0,0,证据_0379.jpg,已上传,,
TR202500380,华中仓,西南仓,极兔速递,签收单,孙八,返工,2025-06-29,2025-06-29 15:00:00,0,0,证据_0380.jpg,已上传,,
TR202500381,华东仓,西南仓,极兔速递,GPS轨迹,王五,正常,2025-02-16,2025-02-18 05:00:00,0,0,证据_0381.jpg,已上传,,
TR202500382,华南仓,华东仓,韵达快递,签收单,王五,正常,2025-05-07,2025-05-08 23:00:00,0,0,,已上传,人工补录错误,
TR202500383,华东仓,华北仓,韵达快递,GPS轨迹,钱七,正常,2025-02-25,2025-02-27 02:00:00,0,0,证据_0383.jpg,已上传,,
TR202500384,西南仓,华中仓,极兔速递,物流底单,李四,正常,2025-01-14,2025-01-14 04:00:00,1,0,证据_0384.jpg,已上传,,
TR202500385,华北仓,华中仓,韵达快递,物流底单,王五,正常,2025-01-28,2025-01-30 07:00:00,0,0,证据_0385.jpg,无效,,
TR202500386,华南仓,西南仓,极兔速递,重量单,孙八,正常,2025-03-19,2025-03-21 18:00:00,0,0,证据_0386.jpg,待审核,,
TR202500387,华东仓,华中仓,京东物流,拍照凭证,钱七,正常,2025-05-10,2025-05-10 21:00:00,0,0,证据_0387.jpg,已上传,,
TR202500438,华中仓,华东仓,极兔速递,重量单,赵六,已完成,2025-04-19,2025-04-21 01:00:00,0,0,证据_0388.jpg,已上传,,
TR202500389,华南仓,华东仓,中通快递,GPS轨迹,孙八,正常,2025-06-03,2025-06-05 14:00:00,1,0,证据_0389.jpg,已上传,,
TR202500390,华南仓,西南仓,韵达快递,重量单,钱七,正常,2025-01-14,2025-01-15 14:00:00,0,0,证据_0390.jpg,已上传,,
TR202500391,华东仓,西南仓,极兔速递,签收单,孙八,正常,2025-02-25,2025-02-27 04:00:00,0,0,,已上传,,
TR202500392,华南仓,西南仓,极兔速递,GPS轨迹,王五,返工,2025-04-25,2025-04-26 01:00:00,0,0,,已上传,其他,
TR202500393,华中仓,华北仓,韵达快递,物流底单,赵六,返工,2025-01-07,2025-01-07 05:00:00,0,0,,待审核,,
TR202500444,华南仓,华中仓,京东物流,拍照凭证,钱七,正常,2025-01-03,2025-01-04 23:00:00,0,0,,已上传,其他,
TR202500395,华中仓,西南仓,京东物流,GPS轨迹,张三,已完成,2025-04-21,,0,0,证据_0395.jpg,已上传,,
TR202500396,华东仓,华南仓,韵达快递,GPS轨迹,赵六,正常,2025-05-31,2025-05-31 21:00:00,0,0,,已上传,附件缺失,需要补充396号凭证
TR202500397,华北仓,华南仓,顺丰速运,签收单,张三,正常,2025-04-17,2025-04-17 23:00:00,0,1,证据_0397.jpg,已上传,,
TR202500398,华南仓,华东仓,韵达快递,拍照凭证,孙八,正常,2025-01-18,2025-01-19 16:00:00,0,0,,缺失,,
TR202500399,华北仓,华中仓,韵达快递,物流底单,李四,正常,2025-02-07,2025-02-09 04:00:00,0,0,证据_0399.jpg,已上传,,需要补充399号凭证
TR202500400,华中仓,西南仓,京东物流,GPS轨迹,赵六,返工,2025-04-25,,0,0,,已上传,其他,
TR202500401,华南仓,华南仓,京东物流,GPS轨迹,孙八,正常,2025-01-15,2025-01-17 13:00:00,0,1,证据_0401.jpg,无效,其他,
TR202500402,西南仓,华中仓,韵达快递,签收单,张三,正常,2025-04-29,2025-05-01 05:00:00,0,0,,已上传,,
TR202500403,华北仓,华东仓,韵达快递,重量单,王五,审计中,2025-01-28,2025-01-30 08:00:00,0,0,证据_0403.jpg,待审核,,
TR202500404,华南仓,华北仓,韵达快递,物流底单,王五,正常,2025-02-08,,0,0,证据_0404.jpg,已上传,,
TR202500405,华北仓,华中仓,京东物流,拍照凭证,李四,正常,2025-01-17,2025-01-19 21:00:00,0,0,,已上传,,
TR202500456,华南仓,华中仓,韵达快递,GPS轨迹,赵六,正常,2025-03-27,,0,0,证据_0406.jpg,已上传,,
TR202500407,华东仓,华北仓,韵达快递,GPS轨迹,赵六,正常,2025-05-06,2025-05-08 17:00:00,0,0,,已上传,,
TR202500458,华北仓,华中仓,圆通速递,物流底单,赵六,正常,2025-02-13,2025-02-15 03:00:00,0,1,证据_0408.jpg,已上传,,
TR202500409,西南仓,华东仓,顺丰速运,重量单,孙八,返工,2025-01-25,2025-01-26 15:00:00,1,0,,已上传,,
TR202500410,西南仓,华东仓,中通快递,GPS轨迹,李四,正常,2025-05-25,2025-05-27 15:00:00,1,0,证据_0410.jpg,已上传,,
TR202500411,华中仓,华北仓,顺丰速运,物流底单,赵六,正常,2025-01-13,2025-01-15 06:00:00,1,1,证据_0411.jpg,已上传,其他,
TR202500412,华南仓,西南仓,圆通速递,签收单,孙八,返工,2025-01-25,2025-01-27 10:00:00,0,0,证据_0412.jpg,已上传,单据信息不完整,
TR202500413,华北仓,华南仓,中通快递,重量单,王五,返工,2025-03-09,2025-03-10 10:00:00,0,0,证据_0413.jpg,已上传,,
TR202500414,华中仓,西南仓,韵达快递,拍照凭证,张三,正常,2025-05-18,,0,0,证据_0414.jpg,已上传,,
TR202500415,华北仓,华中仓,圆通速递,GPS轨迹,孙八,正常,2025-03-08,,0,0,证据_0415.jpg,已上传,重量异常,
TR202500416,华南仓,华南仓,韵达快递,物流底单,王五,正常,2025-04-19,2025-04-21 07:00:00,0,0,证据_0416.jpg,已上传,,
TR202500417,西南仓,华北仓,京东物流,签收单,王五,正常,2025-05-26,2025-05-26 01:00:00,0,0,证据_0417.jpg,无效,,
TR202500418,华东仓,华北仓,极兔速递,拍照凭证,张三,正常,2025-04-21,2025-04-23 15:00:00,0,0,,已上传,,
TR202500419,西南仓,华南仓,圆通速递,物流底单,王五,正常,2025-04-21,2025-04-22 18:00:00,1,0,证据_0419.jpg,已上传,,
TR202500420,华中仓,华东仓,京东物流,物流底单,李四,已完成,2025-02-03,2025-02-03 22:00:00,0,0,证据_0420.jpg,已上传,其他,
TR202500421,华东仓,华南仓,圆通速递,拍照凭证,张三,正常,2025-04-21,2025-04-21 08:00:00,0,0,证据_0421.jpg,已上传,,
TR202500422,华中仓,华中仓,圆通速递,签收单,王五,返工,2025-01-08,2025-01-08 17:00:00,0,0,证据_0422.jpg,已上传,,
TR202500423,华南仓,华东仓,京东物流,签收单,钱七,正常,2025-06-17,2025-06-17 13:00:00,1,0,,无效,,
TR202500424,华东仓,华北仓,中通快递,重量单,孙八,返工,2025-04-23,,0,0,证据_0424.jpg,无效,,
TR202500425,华中仓,华南仓,顺丰速运,GPS轨迹,王五,正常,2025-03-24,2025-03-25 21:00:00,0,0,证据_0425.jpg,已上传,,
TR202500426,华南仓,西南仓,韵达快递,拍照凭证,李四,返工,2025-02-11,2025-02-11 14:00:00,1,0,证据_0426.jpg,已上传,,
TR202500427,西南仓,西南仓,圆通速递,拍照凭证,赵六,正常,2025-06-18,2025-06-20 13:00:00,0,0,证据_0427.jpg,已上传,,
TR202500428,华南仓,华中仓,韵达快递,拍照凭证,王五,正常,2025-04-11,2025-04-12 03:00:00,0,0,证据_0428.jpg,已上传,,
TR202500429,华北仓,西南仓,极兔速递,签收单,赵六,正常,2025-01-06,2025-01-07 07:00:00,0,0,证据_0429.jpg,已上传,,
TR202500430,华南仓,华南仓,京东物流,GPS轨迹,钱七,返工,2025-06-29,2025-06-30 11:00:00,0,0,证据_0430.jpg,已上传,,
TR202500431,华南仓,华南仓,韵达快递,重量单,王五,正常,2025-01-26,,0,0,证据_0431.jpg,已上传,地址错误,
TR202500432,华北仓,西南仓,京东物流,物流底单,张三,正常,2025-03-05,2025-03-07 10:00:00,0,0,,缺失,,
TR202500433,华中仓,华南仓,韵达快递,物流底单,赵六,正常,2025-02-28,2025-03-01 10:00:00,1,0,证据_0433.jpg,已上传,,
TR202500434,华中仓,华中仓,顺丰速运,拍照凭证,钱七,正常,2025-04-19,,1,0,证据_0434.jpg,已上传,,
TR202500435,华南仓,华东仓,顺丰速运,GPS轨迹,张三,正常,2025-05-01,2025-05-01 20:00:00,0,0,证据_0435.jpg,待审核,,需要补充435号凭证
TR202500436,华北仓,华中仓,顺丰速运,签收单,张三,正常,2025-02-02,2025-02-04 11:00:00,0,0,,已上传,,
TR202500437,华北仓,华中仓,顺丰速运,GPS轨迹,张三,已完成,2025-05-30,2025-05-30 18:00:00,0,0,证据_0437.jpg,无效,,
TR202500438,西南仓,华南仓,顺丰速运,GPS轨迹,张三,返工,2025-01-21,2025-01-21 14:00:00,0,0,证据_0438.jpg,已上传,,需要补充438号凭证
TR202500439,华中仓,华东仓,顺丰速运,签收单,王五,已完成,2025-03-11,2025-03-11 07:00:00,0,0,证据_0439.jpg,已上传,其他,
TR202500440,华东仓,华南仓,京东物流,拍照凭证,孙八,正常,2025-04-22,2025-04-22 15:00:00,0,0,证据_0440.jpg,无效,,
TR202500441,华中仓,华北仓,圆通速递,GPS轨迹,王五,审计中,2025-01-04,2025-01-05 11:00:00,0,0,证据_0441.jpg,已上传,,
TR202500442,华中仓,华南仓,韵达快递,物流底单,王五,返工,2025-04-04,,0,0,证据_0442.jpg,已上传,,
TR202500443,西南仓,华南仓,顺丰速运,签收单,钱七,返工,2025-03-16,2025-03-17 11:00:00,1,0,证据_0443.jpg,已上传,,
TR202500444,华东仓,华南仓,京东物流,重量单,钱七,正常,2025-03-03,2025-03-05 00:00:00,0,0,证据_0444.jpg,已上传,,
TR202500445,西南仓,华东仓,京东物流,拍照凭证,孙八,正常,2025-04-04,,0,0,证据_0445.jpg,已上传,,
TR202500446,华东仓,华南仓,京东物流,签收单,钱七,返工,2025-04-05,2025-04-05 17:00:00,0,0,证据_0446.jpg,无效,,
TR202500447,华南仓,华东仓,圆通速递,重量单,李四,正常,2025-06-01,2025-06-03 02:00:00,0,0,,待审核,,
TR202500448,华东仓,西南仓,韵达快递,重量单,孙八,正常,2025-02-24,2025-02-25 08:00:00,0,0,证据_0448.jpg,待审核,,需要补充448号凭证
TR202500449,西南仓,华北仓,圆通速递,GPS轨迹,钱七,正常,2025-05-17,2025-05-19 22:00:00,0,0,,已上传,,需要补充449号凭证
TR202500000,华中仓,华东仓,中通快递,GPS轨迹,孙八,已完成,2025-05-11,2025-05-11 14:00:00,0,0,证据_0450.jpg,已上传,,
TR202500451,华东仓,西南仓,京东物流,GPS轨迹,王五,审计中,2025-01-31,2025-02-02 20:00:00,0,0,,已上传,,
TR202500452,华东仓,华东仓,中通快递,签收单,王五,已完成,2025-02-09,2025-02-09 16:00:00,0,0,证据_0452.jpg,无效,其他,
TR202500453,华北仓,华东仓,极兔速递,签收单,孙八,正常,2025-02-05,,0,0,,已上传,,需要补充453号凭证
TR202500454,华中仓,华北仓,顺丰速运,拍照凭证,李四,正常,2025-06-01,2025-06-02 04:00:00,0,0,证据_0454.jpg,已上传,单据信息不完整,
TR202500455,华南仓,华中仓,顺丰速运,GPS轨迹,李四,正常,2025-01-06,2025-01-08 18:00:00,1,0,证据_0455.jpg,已上传,,
TR202500456,西南仓,华中仓,圆通速递,重量单,孙八,正常,2025-03-07,2025-03-07 08:00:00,0,0,,已上传,,
TR202500457,华南仓,华东仓,韵达快递,物流底单,钱七,正常,2025-03-16,2025-03-17 19:00:00,1,0,证据_0457.jpg,已上传,签收人不符,
TR202500458,华中仓,华南仓,中通快递,拍照凭证,赵六,正常,2025-01-04,2025-01-05 21:00:00,0,0,证据_0458.jpg,待审核,,
TR202500459,华东仓,西南仓,韵达快递,签收单,李四,正常,2025-03-20,2025-03-22 23:00:00,1,0,证据_0459.jpg,待审核,重量异常,
TR202500460,华东仓,华南仓,圆通速递,拍照凭证,张三,正常,2025-05-14,2025-05-16 09:00:00,0,0,证据_0460.jpg,已上传,,
TR202500461,华中仓,华南仓,顺丰速运,拍照凭证,王五,已完成,2025-04-28,2025-04-29 06:00:00,0,0,证据_0461.jpg,已上传,,
TR202500462,华东仓,华东仓,韵达快递,拍照凭证,孙八,正常,2025-04-23,2025-04-23 18:00:00,0,0,证据_0462.jpg,待审核,,
TR202500463,华东仓,华东仓,韵达快递,拍照凭证,张三,审计中,2025-04-04,,0,0,证据_0463.jpg,已上传,,
TR202500464,华东仓,华东仓,顺丰速运,物流底单,孙八,正常,2025-06-28,2025-06-29 15:00:00,0,0,,已上传,,
TR202500465,西南仓,华东仓,中通快递,GPS轨迹,王五,正常,2025-03-03,2025-03-04 19:00:00,0,0,证据_0465.jpg,已上传,,
TR202500466,西南仓,华中仓,顺丰速运,重量单,王五,正常,2025-03-20,2025-03-20 23:00:00,0,0,证据_0466.jpg,已上传,,
TR202500467,华北仓,华东仓,韵达快递,拍照凭证,李四,正常,2025-05-16,2025-05-16 06:00:00,0,0,证据_0467.jpg,已上传,,
TR202500468,华南仓,华中仓,中通快递,拍照凭证,李四,正常,2025-01-26,2025-01-26 04:00:00,0,0,,已上传,,
TR202500469,华中仓,华中仓,中通快递,拍照凭证,张三,返工,2025-06-28,2025-06-28 06:00:00,0,0,证据_0469.jpg,已上传,,
TR202500470,华中仓,华东仓,顺丰速运,GPS轨迹,孙八,正常,2025-06-22,2025-06-22 18:00:00,0,0,证据_0470.jpg,已上传,,
TR202500471,华中仓,华北仓,韵达快递,签收单,王五,正常,2025-02-13,2025-02-13 06:00:00,0,1,证据_0471.jpg,待审核,,
TR202500472,华北仓,西南仓,圆通速递,签收单,张三,正常,2025-05-13,2025-05-15 15:00:00,0,0,证据_0472.jpg,缺失,,
TR202500473,西南仓,华南仓,韵达快递,物流底单,赵六,已完成,2025-03-11,2025-03-11 11:00:00,0,0,证据_0473.jpg,缺失,,
TR202500474,华北仓,华中仓,京东物流,签收单,张三,返工,2025-06-03,2025-06-03 04:00:00,0,0,证据_0474.jpg,已上传,其他,
TR202500475,华中仓,西南仓,极兔速递,拍照凭证,钱七,返工,2025-04-28,2025-04-29 17:00:00,0,0,证据_0475.jpg,已上传,,
TR202500476,华南仓,华北仓,圆通速递,拍照凭证,张三,正常,2025-03-09,2025-03-10 08:00:00,1,0,证据_0476.jpg,已上传,其他,
TR202500477,华东仓,华南仓,中通快递,拍照凭证,钱七,返工,2025-01-19,2025-01-21 22:00:00,0,0,证据_0477.jpg,无效,其他,
TR202500478,西南仓,华南仓,圆通速递,物流底单,钱七,返工,2025-01-20,2025-01-22 17:00:00,0,0,证据_0478.jpg,已上传,,
TR202500479,西南仓,华中仓,中通快递,拍照凭证,钱七,正常,2025-04-23,2025-04-23 11:00:00,0,1,,已上传,,
TR202500480,华北仓,华东仓,中通快递,签收单,赵六,已完成,2025-05-20,2025-05-20 03:00:00,0,0,,已上传,,
TR202500481,西南仓,华北仓,圆通速递,GPS轨迹,张三,正常,2025-02-16,2025-02-16 14:00:00,0,0,证据_0481.jpg,已上传,,
TR202500482,华中仓,华中仓,中通快递,GPS轨迹,张三,已完成,2025-01-01,2025-01-01 23:00:00,0,0,证据_0482.jpg,已上传,,
TR202500483,华中仓,华北仓,中通快递,重量单,赵六,已完成,2025-03-31,,0,0,证据_0483.jpg,待审核,地址错误,
TR202500484,华北仓,华东仓,京东物流,签收单,王五,正常,2025-05-22,2025-05-24 21:00:00,0,0,证据_0484.jpg,无效,人工补录错误,
TR202500485,华中仓,华东仓,韵达快递,拍照凭证,李四,正常,2025-03-05,2025-03-06 06:00:00,0,0,,已上传,,
TR202500486,华南仓,华中仓,韵达快递,GPS轨迹,张三,已完成,2025-02-07,2025-02-08 01:00:00,0,0,证据_0486.jpg,待审核,,
TR202500487,华北仓,华东仓,极兔速递,签收单,李四,正常,2025-02-06,2025-02-08 10:00:00,0,0,证据_0487.jpg,已上传,,
TR202500488,华南仓,西南仓,极兔速递,GPS轨迹,孙八,正常,2025-05-06,2025-05-07 17:00:00,0,0,证据_0488.jpg,已上传,,
TR202500489,华东仓,华南仓,京东物流,拍照凭证,孙八,已完成,2025-05-19,,0,0,证据_0489.jpg,已上传,,
TR202500490,华南仓,华中仓,极兔速递,GPS轨迹,赵六,正常,2025-04-10,2025-04-12 00:00:00,0,0,,已上传,,
TR202500491,华东仓,华北仓,圆通速递,重量单,孙八,正常,2025-03-18,2025-03-18 11:00:00,1,0,证据_0491.jpg,已上传,,
TR202500492,华东仓,西南仓,顺丰速运,重量单,孙八,正常,2025-01-03,2025-01-04 21:00:00,1,0,,无效,,
TR202500493,华南仓,华中仓,顺丰速运,GPS轨迹,王五,正常,2025-06-10,2025-06-12 16:00:00,0,0,证据_0493.jpg,已上传,重量异常,
TR202500494,华北仓,华东仓,顺丰速运,签收单,王五,正常,2025-05-14,2025-05-14 02:00:00,0,0,证据_0494.jpg,已上传,,
TR202500045,华中仓,华东仓,京东物流,签收单,王五,正常,2025-06-27,2025-06-28 18:00:00,0,0,证据_0495.jpg,已上传,,
TR202500496,华中仓,华东仓,京东物流,签收单,孙八,正常,2025-01-10,2025-01-10 16:00:00,0,0,证据_0496.jpg,缺失,,
TR202500497,华东仓,华东仓,中通快递,GPS轨迹,赵六,正常,2025-01-05,2025-01-05 18:00:00,0,0,证据_0497.jpg,已上传,其他,
TR202500498,华东仓,华北仓,顺丰速运,签收单,钱七,返工,2025-05-31,2025-06-02 11:00:00,0,0,证据_0498.jpg,已上传,,
TR202500499,华北仓,西南仓,圆通速递,拍照凭证,钱七,正常,2025-05-18,2025-05-18 06:00:00,0,0,证据_0499.jpg,已上传,人工补录错误,
